AccountId,ID,ActivityID,AgreementID,RequestId,TaskId,ProjectTaskId,ProblemId,ChargeRate,ChargeType,Correction,Cost,CostCurrency,CustomerId,Date,Deleted,EffortClassId,OrganizationId,PersonId,RateID,ServiceId,ServiceInstanceId,ServiceLevelAgreementId,Source,SourceID,StartedAt,TeamId,TimeAllocationId,TimeSpent,CreatedAt,UpdatedAt
infolumos,NG1lLmNvbS9UaW1lRW50cnkvMzc0MDA0ODE,Azure2,P00003|101,NG1lLmNvbS9SZXEvNTI1MTAxNTg,NULL,NULL,NULL,NULL,NULL,0,NULL,NULL,NG1lLmNvbS9Pcmdhbml6YXRpb24vMjYzNjU1,10/10/2024,0,NG1lLmNvbS9FZmZvcnRDbGFzcy8xMDc3,NG1lLmNvbS9Pcmdhbml6YXRpb24vMjMwMjk3,NG1lLmNvbS9QZXJzb24vNTUwMTM0Mg,NULL,NG1lLmNvbS9TZXJ2aWNlLzYxMzUy,NG1lLmNvbS9TZXJ2aWNlSW5zdGFuY2UvMzgxNjc5,NG1lLmNvbS9TbGEvNzc1MTgy,NULL,NULL,2024-10-10 13:01:18.000,NG1lLmNvbS9UZWFtLzMwMzg1,NULL,20,2024-10-10 13:21:18.000,2024-10-10 13:21:18.000
infolumos,NG1lLmNvbS9UaW1lRW50cnkvMzc0MDA1NjM,VOIP5,P00032|1141,NG1lLmNvbS9SZXEvNTI0ODE4MzY,NULL,NULL,NULL,NULL,NULL,0,NULL,NULL,NG1lLmNvbS9Pcmdhbml6YXRpb24vMjY0MzYy,10/10/2024,0,NG1lLmNvbS9FZmZvcnRDbGFzcy8xMDc3,NG1lLmNvbS9Pcmdhbml6YXRpb24vMjMwMjk3,NG1lLmNvbS9QZXJzb24vNTUwMTM3Nw,NULL,NG1lLmNvbS9TZXJ2aWNlLzYxMzU4,NG1lLmNvbS9TZXJ2aWNlSW5zdGFuY2UvMzgyMjA3,NG1lLmNvbS9TbGEvNzc3MDQ2,NULL,NULL,2024-10-10 13:08:08.000,NG1lLmNvbS9UZWFtLzMwMzg2,NULL,15,2024-10-10 13:23:08.000,2024-10-10 13:23:08.000
infolumos,NG1lLmNvbS9UaW1lRW50cnkvMzc0MDA1ODI,MIC Low1,P00382|106,NG1lLmNvbS9SZXEvNTIzOTg3Mjc,NULL,NULL,NULL,NULL,NULL,0,NULL,NULL,NG1lLmNvbS9Pcmdhbml6YXRpb24vMjYzNjQ5,10/10/2024,0,NG1lLmNvbS9FZmZvcnRDbGFzcy8xMDc3,NG1lLmNvbS9Pcmdhbml6YXRpb24vMjMwMjk3,NG1lLmNvbS9QZXJzb24vNTUwMTM1OQ,NULL,NG1lLmNvbS9TZXJ2aWNlLzYxMzU0,NG1lLmNvbS9TZXJ2aWNlSW5zdGFuY2UvMzgwOTE0,NG1lLmNvbS9TbGEvNzc0MTMz,NULL,NULL,2024-10-10 12:53:25.000,NG1lLmNvbS9UZWFtLzMwMzg3,NULL,30,2024-10-10 13:23:25.000,2024-10-10 13:23:25.000
infolumos,NG1lLmNvbS9UaW1lRW50cnkvMzc0MDA4NTY,VOIP4,P00122|253,NG1lLmNvbS9SZXEvNTE4NjQxMTU,NULL,NULL,NULL,NULL,time_material,0,NULL,NULL,NG1lLmNvbS9Pcmdhbml6YXRpb24vMjY0Mjgx,10/10/2024,0,NG1lLmNvbS9FZmZvcnRDbGFzcy8xMDc3,NG1lLmNvbS9Pcmdhbml6YXRpb24vMjMwMjk3,NG1lLmNvbS9QZXJzb24vNTQ5MzgxNw,NULL,NG1lLmNvbS9TZXJ2aWNlLzYxMzU4,NG1lLmNvbS9TZXJ2aWNlSW5zdGFuY2UvMzgyMTY2,NG1lLmNvbS9TbGEvNzc2Njg3,NULL,NULL,2024-10-10 13:24:05.000,NG1lLmNvbS9UZWFtLzMwMzg2,NULL,5,2024-10-10 13:29:05.000,2024-10-10 13:29:05.000
infolumos,NG1lLmNvbS9UaW1lRW50cnkvMzc0MDA4NzY,BEV5,P00527|894,NG1lLmNvbS9SZXEvNTA3NTA2NjU,NULL,NULL,NULL,NULL,NULL,0,NULL,NULL,NG1lLmNvbS9Pcmdhbml6YXRpb24vMjY0NjUy,10/10/2024,0,NG1lLmNvbS9FZmZvcnRDbGFzcy8xMDc3,NG1lLmNvbS9Pcmdhbml6YXRpb24vMjMwMjk3,NG1lLmNvbS9QZXJzb24vNTUwMTM1NQ,NULL,NG1lLmNvbS9TZXJ2aWNlLzYxMzUx,NG1lLmNvbS9TZXJ2aWNlSW5zdGFuY2UvMzgwNDQ4,NG1lLmNvbS9TbGEvNzgxNDc4,NULL,NULL,2024-10-10 13:23:26.000,NG1lLmNvbS9UZWFtLzMwMzg1,NULL,6,2024-10-10 13:29:26.000,2024-10-10 13:29:26.000
infolumos,NG1lLmNvbS9UaW1lRW50cnkvMzc0MDA5MTM,WIN2,P00305|98,NG1lLmNvbS9SZXEvNTIwNzM1MDc,NULL,NULL,NULL,NULL,NULL,0,NULL,NULL,NG1lLmNvbS9Pcmdhbml6YXRpb24vMjYzNjQy,10/10/2024,0,NG1lLmNvbS9FZmZvcnRDbGFzcy8xMDc3,NG1lLmNvbS9Pcmdhbml6YXRpb24vMjMwMjk3,NG1lLmNvbS9QZXJzb24vNTUwMTM1Ng,NULL,NG1lLmNvbS9TZXJ2aWNlLzYxMzUy,NG1lLmNvbS9TZXJ2aWNlSW5zdGFuY2UvMzgwNDU3,NG1lLmNvbS9TbGEvNzc0MDY3,NULL,NULL,2024-10-10 13:29:09.000,NG1lLmNvbS9UZWFtLzMwMzg3,NULL,1,2024-10-10 13:30:09.000,2024-10-10 13:30:09.000
infolumos,NG1lLmNvbS9UaW1lRW50cnkvMzc0MDAwNDg,WIN3,P00291|77,NULL,NG1lLmNvbS9UYXNrLzQ1ODYxODMy,NULL,NULL,NULL,time_material,0,NULL,NULL,NG1lLmNvbS9Pcmdhbml6YXRpb24vMjYzNjUz,10/10/2024,0,NG1lLmNvbS9FZmZvcnRDbGFzcy8xMDc3,NG1lLmNvbS9Pcmdhbml6YXRpb24vMjMwMjk3,NG1lLmNvbS9QZXJzb24vNTUwMTM2Mw,NULL,NG1lLmNvbS9TZXJ2aWNlLzYxMzUy,NULL,NG1lLmNvbS9TbGEvNzc0MTc0,NULL,NULL,2024-10-10 13:01:41.000,NG1lLmNvbS9UZWFtLzMwMzg3,NULL,10,2024-10-10 13:11:41.000,2024-10-10 13:11:41.000
infolumos,NG1lLmNvbS9UaW1lRW50cnkvMzc0MDAxOTc,RAND Low1,P00212|116,NG1lLmNvbS9SZXEvNTEyODQzMTg,NULL,NULL,NULL,NULL,NULL,0,NULL,NULL,NG1lLmNvbS9Pcmdhbml6YXRpb24vMjYzNjQ0,10/10/2024,0,NG1lLmNvbS9FZmZvcnRDbGFzcy8xMDc3,NG1lLmNvbS9Pcmdhbml6YXRpb24vMjMwMjk3,NG1lLmNvbS9QZXJzb24vNTUwODM1NQ,NULL,NG1lLmNvbS9TZXJ2aWNlLzYxMzU3,NG1lLmNvbS9TZXJ2aWNlSW5zdGFuY2UvMzgwNDc4,NG1lLmNvbS9TbGEvNzc0MDkx,NULL,NULL,2024-10-10 13:04:58.000,NG1lLmNvbS9UZWFtLzMwMzg0,NULL,10,2024-10-10 13:14:58.000,2024-10-10 13:14:58.000
infolumos,NG1lLmNvbS9UaW1lRW50cnkvMzc0MDAzMTA,WIN Low1,P00007|76,NG1lLmNvbS9SZXEvNTI0MzQyODI,NULL,NULL,NULL,NULL,NULL,0,NULL,NULL,NG1lLmNvbS9Pcmdhbml6YXRpb24vMjYzNjk2,10/10/2024,0,NG1lLmNvbS9FZmZvcnRDbGFzcy8xMDc3,NG1lLmNvbS9Pcmdhbml6YXRpb24vMjMwMjk3,NG1lLmNvbS9QZXJzb24vNTQ5MzgxOA,NULL,NG1lLmNvbS9TZXJ2aWNlLzYxMzUy,NG1lLmNvbS9TZXJ2aWNlSW5zdGFuY2UvMzgwODgx,NG1lLmNvbS9TbGEvNzc0NTQ0,NULL,NULL,2024-10-10 13:12:20.000,NG1lLmNvbS9UZWFtLzMwMzg1,NULL,5,2024-10-10 13:17:20.000,2024-10-10 13:17:20.000
infolumos,NG1lLmNvbS9UaW1lRW50cnkvMzc0MDAzMzY,RAND2,P00189|126,NG1lLmNvbS9SZXEvNTIzNTc1NDk,NULL,NULL,NULL,NULL,NULL,0,NULL,NULL,NG1lLmNvbS9Pcmdhbml6YXRpb24vMjYzNjcx,10/10/2024,0,NG1lLmNvbS9FZmZvcnRDbGFzcy8xMDc3,NG1lLmNvbS9Pcmdhbml6YXRpb24vMjMwMjk3,NG1lLmNvbS9QZXJzb24vNTUwMTMzMg,NULL,NG1lLmNvbS9TZXJ2aWNlLzYxMzU3,NG1lLmNvbS9TZXJ2aWNlSW5zdGFuY2UvMzgwNzAy,NG1lLmNvbS9TbGEvNzc0MzQx,NULL,NULL,2024-10-10 12:54:07.000,NG1lLmNvbS9UZWFtLzMwMzg3,NULL,24,2024-10-10 13:18:07.000,2024-10-10 13:18:07.000
infolumos,NG1lLmNvbS9UaW1lRW50cnkvMzc0MDE0MjA,NULL,NULL,NG1lLmNvbS9SZXEvNTI1MTE0Njc,NULL,NULL,NULL,NULL,NULL,0,NULL,NULL,NG1lLmNvbS9Pcmdhbml6YXRpb24vMjMwMjk3,10/10/2024,0,NG1lLmNvbS9FZmZvcnRDbGFzcy8xMDc3,NG1lLmNvbS9Pcmdhbml6YXRpb24vMjMwMjk3,NG1lLmNvbS9QZXJzb24vNTQ5MzgxMg,NULL,NG1lLmNvbS9TZXJ2aWNlLzMyMg,NG1lLmNvbS9TZXJ2aWNlSW5zdGFuY2UvMzg3MjM4,NULL,NULL,NULL,2024-10-10 13:35:39.000,NG1lLmNvbS9UZWFtLzMwMzkw,NULL,5,2024-10-10 13:40:39.000,2024-10-10 13:40:39.000
infolumos,NG1lLmNvbS9UaW1lRW50cnkvMzc0MDE0MjM,VOIP1,P00277|970,NG1lLmNvbS9SZXEvNTI0ODE5NjM,NULL,NULL,NULL,NULL,NULL,0,NULL,NULL,NG1lLmNvbS9Pcmdhbml6YXRpb24vMjYzNjU3,10/10/2024,0,NG1lLmNvbS9FZmZvcnRDbGFzcy8xMDc3,NG1lLmNvbS9Pcmdhbml6YXRpb24vMjMwMjk3,NG1lLmNvbS9QZXJzb24vNTQ5MzgxNw,NULL,NG1lLmNvbS9TZXJ2aWNlLzYxMzU4,NG1lLmNvbS9TZXJ2aWNlSW5zdGFuY2UvMzgyMDE4,NG1lLmNvbS9TbGEvNzc1Mjk4,NULL,NULL,2024-10-10 13:25:42.000,NG1lLmNvbS9UZWFtLzMwMzg2,NULL,15,2024-10-10 13:40:42.000,2024-10-10 13:40:42.000
infolumos,NG1lLmNvbS9UaW1lRW50cnkvMzc0MDE1MjM,NET12,P00160|1160,NG1lLmNvbS9SZXEvNTI0NjU4NTc,NULL,NULL,NULL,NULL,NULL,0,NULL,NULL,NG1lLmNvbS9Pcmdhbml6YXRpb24vMjY0NDE4,10/10/2024,0,NG1lLmNvbS9FZmZvcnRDbGFzcy8xMDc3,NG1lLmNvbS9Pcmdhbml6YXRpb24vMjMwMjk3,NG1lLmNvbS9QZXJzb24vNTQ5MzgxNw,NULL,NG1lLmNvbS9TZXJ2aWNlLzYxMzU1,NG1lLmNvbS9TZXJ2aWNlSW5zdGFuY2UvMzgxMTQ2,NG1lLmNvbS9TbGEvNzc3MjU5,NULL,NULL,2024-10-10 13:33:09.000,NG1lLmNvbS9UZWFtLzMwMzg4,NULL,10,2024-10-10 13:43:09.000,2024-10-10 13:43:09.000
infolumos,NG1lLmNvbS9UaW1lRW50cnkvMzc0MDE1MzA,VOIP5,P00032|1141,NG1lLmNvbS9SZXEvNTI0ODE4MzY,NULL,NULL,NULL,NULL,NULL,0,NULL,NULL,NG1lLmNvbS9Pcmdhbml6YXRpb24vMjY0MzYy,10/10/2024,0,NG1lLmNvbS9FZmZvcnRDbGFzcy8xMDc3,NG1lLmNvbS9Pcmdhbml6YXRpb24vMjMwMjk3,NG1lLmNvbS9QZXJzb24vNTUwMTMzNw,NULL,NG1lLmNvbS9TZXJ2aWNlLzYxMzU4,NG1lLmNvbS9TZXJ2aWNlSW5zdGFuY2UvMzgyMjA3,NG1lLmNvbS9TbGEvNzc3MDQ2,NULL,NULL,2024-10-10 13:03:18.000,NG1lLmNvbS9UZWFtLzMwMzg2,NULL,40,2024-10-10 13:43:18.000,2024-10-10 13:43:18.000
infolumos,NG1lLmNvbS9UaW1lRW50cnkvMzc0MDE1NzY,VOIP7,P00015|355,NULL,NG1lLmNvbS9UYXNrLzQ0MzY3NzI5,NULL,NULL,NULL,time_material,0,NULL,NULL,NG1lLmNvbS9Pcmdhbml6YXRpb24vMjYzOTIy,10/10/2024,0,NG1lLmNvbS9FZmZvcnRDbGFzcy8xMDc3,NG1lLmNvbS9Pcmdhbml6YXRpb24vMjMwMjk3,NG1lLmNvbS9QZXJzb24vNTUwMTMzNw,NULL,NG1lLmNvbS9TZXJ2aWNlLzYxMzU4,NULL,NG1lLmNvbS9TbGEvNzc1Mjc1,NULL,NULL,2024-10-10 13:42:17.000,NG1lLmNvbS9UZWFtLzMwMzg2,NULL,2,2024-10-10 13:44:17.000,2024-10-10 13:44:17.000
infolumos,NG1lLmNvbS9UaW1lRW50cnkvMzc0MDE2MjI,BSA2,P00771|145,NG1lLmNvbS9SZXEvNTA1NjYxODU,NULL,NULL,NULL,NULL,NULL,0,NULL,NULL,NG1lLmNvbS9Pcmdhbml6YXRpb24vMjYzNjk4,10/10/2024,0,NG1lLmNvbS9FZmZvcnRDbGFzcy8xMDc3,NG1lLmNvbS9Pcmdhbml6YXRpb24vMjMwMjk3,NG1lLmNvbS9QZXJzb24vNTUwMTM1Nw,NULL,NG1lLmNvbS9TZXJ2aWNlLzYxMzUw,NG1lLmNvbS9TZXJ2aWNlSW5zdGFuY2UvMzgwODk1,NG1lLmNvbS9TbGEvNzc0NTYw,NULL,NULL,2024-10-10 13:40:09.000,NG1lLmNvbS9UZWFtLzMwMzg3,NULL,5,2024-10-10 13:45:09.000,2024-10-10 13:45:09.000
infolumos,NG1lLmNvbS9UaW1lRW50cnkvMzc0MDE3MTI,NET12,P00483|1168,NG1lLmNvbS9SZXEvNTI1MTE4NjU,NULL,NULL,NULL,NULL,NULL,0,NULL,NULL,NG1lLmNvbS9Pcmdhbml6YXRpb24vMjY0NDM2,10/10/2024,0,NG1lLmNvbS9FZmZvcnRDbGFzcy8xMDc3,NG1lLmNvbS9Pcmdhbml6YXRpb24vMjMwMjk3,NG1lLmNvbS9QZXJzb24vNTQ5MzgxOA,NULL,NG1lLmNvbS9TZXJ2aWNlLzYxMzU1,NG1lLmNvbS9TZXJ2aWNlSW5zdGFuY2UvMzgxMTUy,NG1lLmNvbS9TbGEvNzc3MzI1,NULL,NULL,2024-10-10 13:36:53.000,NG1lLmNvbS9UZWFtLzMwMzg1,NULL,10,2024-10-10 13:46:53.000,2024-10-10 13:46:53.000
infolumos,NG1lLmNvbS9UaW1lRW50cnkvMzc0MDE4NTY,MIC Low1,P00372|107,NG1lLmNvbS9SZXEvNTI1MTIwMzk,NULL,NULL,NULL,NULL,NULL,0,NULL,NULL,NG1lLmNvbS9Pcmdhbml6YXRpb24vMjYzNjUy,10/10/2024,0,NG1lLmNvbS9FZmZvcnRDbGFzcy8xMDc3,NG1lLmNvbS9Pcmdhbml6YXRpb24vMjMwMjk3,NG1lLmNvbS9QZXJzb24vNTUwMTM1OQ,NULL,NG1lLmNvbS9TZXJ2aWNlLzYxMzU0,NG1lLmNvbS9TZXJ2aWNlSW5zdGFuY2UvMzgwOTE3,NG1lLmNvbS9TbGEvNzc0MTYw,NULL,NULL,2024-10-10 13:39:30.000,NG1lLmNvbS9UZWFtLzMwMzg3,NULL,10,2024-10-10 13:49:30.000,2024-10-10 13:49:30.000
infolumos,NG1lLmNvbS9UaW1lRW50cnkvMzc0MDE5MTY,BSA RFI1,Geen Contract,NG1lLmNvbS9SZXEvNTA4ODE4Njk,NULL,NULL,NULL,NULL,NULL,0,NULL,NULL,NG1lLmNvbS9Pcmdhbml6YXRpb24vMjMwMjk3,10/10/2024,0,NG1lLmNvbS9FZmZvcnRDbGFzcy8xMDc3,NG1lLmNvbS9Pcmdhbml6YXRpb24vMjMwMjk3,NG1lLmNvbS9QZXJzb24vNTUwMTM2MA,NULL,NG1lLmNvbS9TZXJ2aWNlLzYxMzUw,NG1lLmNvbS9TZXJ2aWNlSW5zdGFuY2UvMzgwNDE0,NG1lLmNvbS9TbGEvNzc0NTcx,NULL,NULL,2024-10-10 12:50:32.000,NG1lLmNvbS9UZWFtLzMwMzg3,NULL,60,2024-10-10 13:50:32.000,2024-10-10 13:50:32.000
infolumos,NG1lLmNvbS9UaW1lRW50cnkvMzc0MDE5OTc,BSA2,P00278|83,NG1lLmNvbS9SZXEvNTIzMjg1Nzc,NULL,NULL,NULL,NULL,NULL,0,NULL,NULL,NG1lLmNvbS9Pcmdhbml6YXRpb24vMjYzNjkz,10/10/2024,0,NG1lLmNvbS9FZmZvcnRDbGFzcy8xMDc3,NG1lLmNvbS9Pcmdhbml6YXRpb24vMjMwMjk3,NG1lLmNvbS9QZXJzb24vNTUwMTM1Ng,NULL,NG1lLmNvbS9TZXJ2aWNlLzYxMzUw,NG1lLmNvbS9TZXJ2aWNlSW5zdGFuY2UvMzgwODU1,NG1lLmNvbS9TbGEvNzc0NTE1,NULL,NULL,2024-10-10 13:21:53.000,NG1lLmNvbS9UZWFtLzMwMzg3,NULL,30,2024-10-10 13:51:53.000,2024-10-10 13:51:53.000
infolumos,NG1lLmNvbS9UaW1lRW50cnkvMzc0MDEwNTg,GA7,P00254|120,NG1lLmNvbS9SZXEvNTIyMTQ2MTU,NULL,NULL,NULL,NULL,NULL,0,NULL,NULL,NG1lLmNvbS9Pcmdhbml6YXRpb24vMjYzNjQw,10/10/2024,0,NG1lLmNvbS9FZmZvcnRDbGFzcy8xMDc3,NG1lLmNvbS9Pcmdhbml6YXRpb24vMjMwMjk3,NG1lLmNvbS9QZXJzb24vNTUwMTM1Ng,NULL,NG1lLmNvbS9TZXJ2aWNlLzYxMzUz,NG1lLmNvbS9TZXJ2aWNlSW5zdGFuY2UvMzgwNDQy,NG1lLmNvbS9TbGEvNzc0MDUx,NULL,NULL,2024-10-10 13:23:08.000,NG1lLmNvbS9UZWFtLzMwMzg3,NULL,10,2024-10-10 13:33:08.000,2024-10-10 13:33:08.000
infolumos,NG1lLmNvbS9UaW1lRW50cnkvMzc0MDExMjQ,NET High1,P00354|104,NG1lLmNvbS9SZXEvNTI0NjE3Nzc,NULL,NULL,NULL,NULL,NULL,0,NULL,NULL,NG1lLmNvbS9Pcmdhbml6YXRpb24vMjYzNjc0,10/10/2024,0,NG1lLmNvbS9FZmZvcnRDbGFzcy8xMDc3,NG1lLmNvbS9Pcmdhbml6YXRpb24vMjMwMjk3,NG1lLmNvbS9QZXJzb24vNTQ5MzgxOA,NULL,NG1lLmNvbS9TZXJ2aWNlLzYxMzU1,NG1lLmNvbS9TZXJ2aWNlSW5zdGFuY2UvMzgxMDcw,NG1lLmNvbS9TbGEvNzc2MTY0,NULL,NULL,2024-10-10 13:24:41.000,NG1lLmNvbS9UZWFtLzMwMzg1,NULL,10,2024-10-10 13:34:41.000,2024-10-10 13:34:41.000
infolumos,NG1lLmNvbS9UaW1lRW50cnkvMzc0MDEyMTU,PRI4,P00474|93,NG1lLmNvbS9SZXEvNTI0NDQzODM,NULL,NULL,NULL,NULL,NULL,0,NULL,NULL,NG1lLmNvbS9Pcmdhbml6YXRpb24vMjYzNjU0,10/10/2024,0,NG1lLmNvbS9FZmZvcnRDbGFzcy8xMDc3,NG1lLmNvbS9Pcmdhbml6YXRpb24vMjMwMjk3,NG1lLmNvbS9QZXJzb24vNTUwMTMzMg,NULL,NG1lLmNvbS9TZXJ2aWNlLzYxMzU2,NG1lLmNvbS9TZXJ2aWNlSW5zdGFuY2UvMzgwNTY0,NG1lLmNvbS9TbGEvNzc0MTg3,NULL,NULL,2024-10-10 13:26:31.000,NG1lLmNvbS9UZWFtLzMwMzg3,NULL,10,2024-10-10 13:36:31.000,2024-10-10 13:36:31.000
infolumos,NG1lLmNvbS9UaW1lRW50cnkvMzc0MDEzNTI,MOB1,P00341|1084,NG1lLmNvbS9SZXEvNTI0NTc5Njg,NULL,NULL,NULL,NULL,NULL,0,NULL,NULL,NG1lLmNvbS9Pcmdhbml6YXRpb24vMjY0MjQz,10/10/2024,0,NG1lLmNvbS9FZmZvcnRDbGFzcy8xMDc3,NG1lLmNvbS9Pcmdhbml6YXRpb24vMjMwMjk3,NG1lLmNvbS9QZXJzb24vNTUwMTM3Nw,NULL,NG1lLmNvbS9TZXJ2aWNlLzYxMzU4,NG1lLmNvbS9TZXJ2aWNlSW5zdGFuY2UvMzgyNjQx,NG1lLmNvbS9TbGEvNzc2NTE4,NULL,NULL,2024-10-10 13:29:14.000,NG1lLmNvbS9UZWFtLzMwMzg2,NULL,10,2024-10-10 13:39:14.000,2024-10-10 13:39:14.000
infolumos,NG1lLmNvbS9UaW1lRW50cnkvMzc0MDI0MTk,BSA3,P00254|120,NG1lLmNvbS9SZXEvNTI0OTc0Nzg,NULL,NULL,NULL,NULL,NULL,0,NULL,NULL,NG1lLmNvbS9Pcmdhbml6YXRpb24vMjYzNjQw,10/10/2024,0,NG1lLmNvbS9FZmZvcnRDbGFzcy8xMDc3,NG1lLmNvbS9Pcmdhbml6YXRpb24vMjMwMjk3,NG1lLmNvbS9QZXJzb24vNTUwMTM0Mg,NULL,NG1lLmNvbS9TZXJ2aWNlLzYxMzUw,NG1lLmNvbS9TZXJ2aWNlSW5zdGFuY2UvMzgwNDM5,NG1lLmNvbS9TbGEvNzc0MDQ3,NULL,NULL,2024-10-10 13:52:02.000,NG1lLmNvbS9UZWFtLzMwMzg1,NULL,10,2024-10-10 14:02:02.000,2024-10-10 14:02:02.000
infolumos,NG1lLmNvbS9UaW1lRW50cnkvMzc0MDI0MTU,NET12,P00483|1168,NG1lLmNvbS9SZXEvNTI1MTE4NjU,NULL,NULL,NULL,NULL,NULL,0,NULL,NULL,NG1lLmNvbS9Pcmdhbml6YXRpb24vMjY0NDM2,10/10/2024,0,NG1lLmNvbS9FZmZvcnRDbGFzcy8xMDc3,NG1lLmNvbS9Pcmdhbml6YXRpb24vMjMwMjk3,NG1lLmNvbS9QZXJzb24vNTQ5MzgxNw,NULL,NG1lLmNvbS9TZXJ2aWNlLzYxMzU1,NG1lLmNvbS9TZXJ2aWNlSW5zdGFuY2UvMzgxMTUy,NG1lLmNvbS9TbGEvNzc3MzI1,NULL,NULL,2024-10-10 13:52:58.000,NG1lLmNvbS9UZWFtLzMwMzg4,NULL,9,2024-10-10 14:01:58.000,2024-10-10 14:01:58.000
infolumos,NG1lLmNvbS9UaW1lRW50cnkvMzc0MDI0ODg,VOIP7,P00516|1232,NULL,NG1lLmNvbS9UYXNrLzQ1Nzg1ODk1,NULL,NULL,NULL,NULL,0,NULL,NULL,NG1lLmNvbS9Pcmdhbml6YXRpb24vMjY0Mzg1,10/10/2024,0,NG1lLmNvbS9FZmZvcnRDbGFzcy8xMDc3,NG1lLmNvbS9Pcmdhbml6YXRpb24vMjMwMjk3,NG1lLmNvbS9QZXJzb24vNTUwMTMzNw,NULL,NG1lLmNvbS9TZXJ2aWNlLzYxMzU4,NULL,NG1lLmNvbS9TbGEvNzc3MTI4,NULL,NULL,2024-10-10 14:02:36.000,NG1lLmNvbS9UZWFtLzMwMzg2,NULL,1,2024-10-10 14:03:36.000,2024-10-10 14:03:36.000
infolumos,NG1lLmNvbS9UaW1lRW50cnkvMzc0MDI1Mjk,VOIP7,P00386|291,NULL,NG1lLmNvbS9UYXNrLzQ1ODEzNzQ4,NULL,NULL,NULL,time_material,0,NULL,NULL,NG1lLmNvbS9Pcmdhbml6YXRpb24vMjYzNzkx,10/10/2024,0,NG1lLmNvbS9FZmZvcnRDbGFzcy8xMDc3,NG1lLmNvbS9Pcmdhbml6YXRpb24vMjMwMjk3,NG1lLmNvbS9QZXJzb24vNTQ5MzgxNw,NULL,NG1lLmNvbS9TZXJ2aWNlLzYxMzU4,NULL,NG1lLmNvbS9TbGEvNzc0ODE5,NULL,NULL,2024-10-10 13:59:27.000,NG1lLmNvbS9UZWFtLzMwMzg2,NULL,5,2024-10-10 14:04:27.000,2024-10-10 14:04:27.000
infolumos,NG1lLmNvbS9UaW1lRW50cnkvMzc0MDI1NDU,WIN Low1,P00523|97,NG1lLmNvbS9SZXEvNTA5OTMwNzk,NULL,NULL,NULL,NULL,NULL,0,NULL,NULL,NG1lLmNvbS9Pcmdhbml6YXRpb24vMjYzNjcw,10/10/2024,0,NG1lLmNvbS9FZmZvcnRDbGFzcy8xMDc3,NG1lLmNvbS9Pcmdhbml6YXRpb24vMjMwMjk3,NG1lLmNvbS9QZXJzb24vNTUwMTM1Ng,NULL,NG1lLmNvbS9TZXJ2aWNlLzYxMzUy,NG1lLmNvbS9TZXJ2aWNlSW5zdGFuY2UvMzgwNjg5,NG1lLmNvbS9TbGEvNzc0MzI2,NULL,NULL,2024-10-10 13:54:50.000,NG1lLmNvbS9UZWFtLzMwMzg3,NULL,10,2024-10-10 14:04:50.000,2024-10-10 14:04:50.000
infolumos,NG1lLmNvbS9UaW1lRW50cnkvMzc0MDI2MDY,MCB5,P00231|179,NG1lLmNvbS9SZXEvNTI0MzI3MjA,NULL,NULL,NULL,NULL,NULL,0,NULL,NULL,NG1lLmNvbS9Pcmdhbml6YXRpb24vMjYzNjc4,10/10/2024,0,NG1lLmNvbS9FZmZvcnRDbGFzcy8xMDc3,NG1lLmNvbS9Pcmdhbml6YXRpb24vMjMwMjk3,NG1lLmNvbS9QZXJzb24vNTUwMTM3MQ,NULL,NG1lLmNvbS9TZXJ2aWNlLzYxMzYx,NG1lLmNvbS9TZXJ2aWNlSW5zdGFuY2UvMzgxODIw,NG1lLmNvbS9TbGEvNzc2MzM5,NULL,NULL,2024-10-10 13:36:05.000,NG1lLmNvbS9UZWFtLzMwMzg3,NULL,30,2024-10-10 14:06:05.000,2024-10-10 14:06:05.000
infolumos,NG1lLmNvbS9UaW1lRW50cnkvMzc0MDI2MjQ,DNS1,DNS ID,NG1lLmNvbS9SZXEvNTE3NDM0ODM,NULL,NULL,NULL,NULL,NULL,0,NULL,NULL,NG1lLmNvbS9Pcmdhbml6YXRpb24vMjYzNjk4,10/10/2024,0,NG1lLmNvbS9FZmZvcnRDbGFzcy8xMDc3,NG1lLmNvbS9Pcmdhbml6YXRpb24vMjMwMjk3,NG1lLmNvbS9QZXJzb24vNTUwMTM1Nw,NULL,NG1lLmNvbS9TZXJ2aWNlLzYxMzYw,NG1lLmNvbS9TZXJ2aWNlSW5zdGFuY2UvMzgxODAy,NG1lLmNvbS9TbGEvNzc3MzM4,NULL,NULL,2024-10-10 14:01:21.000,NG1lLmNvbS9UZWFtLzMwMzg3,NULL,5,2024-10-10 14:06:21.000,2024-10-10 14:06:21.000
infolumos,NG1lLmNvbS9UaW1lRW50cnkvMzc0MDI2NDU,BSA2,P00266|141,NG1lLmNvbS9SZXEvNTIzODA1NzM,NULL,NULL,NULL,NULL,NULL,0,NULL,NULL,NG1lLmNvbS9Pcmdhbml6YXRpb24vMjYzNjky,10/10/2024,0,NG1lLmNvbS9FZmZvcnRDbGFzcy8xMDc3,NG1lLmNvbS9Pcmdhbml6YXRpb24vMjMwMjk3,NG1lLmNvbS9QZXJzb24vNTUwMTM3MQ,NULL,NG1lLmNvbS9TZXJ2aWNlLzYxMzUw,NG1lLmNvbS9TZXJ2aWNlSW5zdGFuY2UvMzgwODQ3,NG1lLmNvbS9TbGEvNzc0NTA2,NULL,NULL,2024-10-10 13:06:57.000,NG1lLmNvbS9UZWFtLzMwMzg3,NULL,60,2024-10-10 14:06:57.000,2024-10-10 14:06:57.000
infolumos,NG1lLmNvbS9UaW1lRW50cnkvMzc0MDI2Njc,GA7,P00254|120,NG1lLmNvbS9SZXEvNTIyOTA2MDc,NULL,NULL,NULL,NULL,NULL,0,NULL,NULL,NG1lLmNvbS9Pcmdhbml6YXRpb24vMjYzNjQw,10/10/2024,0,NG1lLmNvbS9FZmZvcnRDbGFzcy8xMDc3,NG1lLmNvbS9Pcmdhbml6YXRpb24vMjMwMjk3,NG1lLmNvbS9QZXJzb24vNTUwMTM0Mg,NULL,NG1lLmNvbS9TZXJ2aWNlLzYxMzUz,NG1lLmNvbS9TZXJ2aWNlSW5zdGFuY2UvMzgwNDQy,NG1lLmNvbS9TbGEvNzc0MDUx,NULL,NULL,2024-10-10 13:57:35.000,NG1lLmNvbS9UZWFtLzMwMzg1,NULL,10,2024-10-10 14:07:36.000,2024-10-10 14:07:36.000
infolumos,NG1lLmNvbS9UaW1lRW50cnkvMzc0MDI2NTk,NET RFI1,P00316|1114,NG1lLmNvbS9SZXEvNTI1MTMwODk,NULL,NULL,NULL,NULL,NULL,0,NULL,NULL,NG1lLmNvbS9Pcmdhbml6YXRpb24vMjY0MzA4,10/10/2024,0,NG1lLmNvbS9FZmZvcnRDbGFzcy8xMDc3,NG1lLmNvbS9Pcmdhbml6YXRpb24vMjMwMjk3,NG1lLmNvbS9QZXJzb24vNTUwMTM1NQ,NULL,NG1lLmNvbS9TZXJ2aWNlLzYxMzU1,NG1lLmNvbS9TZXJ2aWNlSW5zdGFuY2UvMzgxMTE1,NG1lLmNvbS9TbGEvNzc2Nzk2,NULL,NULL,2024-10-10 14:02:22.000,NG1lLmNvbS9UZWFtLzMwMzg1,NULL,5,2024-10-10 14:07:22.000,2024-10-10 14:07:22.000
infolumos,NG1lLmNvbS9UaW1lRW50cnkvMzc0MDI2ODQ,GA2,P00771|145,NG1lLmNvbS9SZXEvNTI1MDgzODE,NULL,NULL,NULL,NULL,NULL,0,NULL,NULL,NG1lLmNvbS9Pcmdhbml6YXRpb24vMjYzNjk4,10/10/2024,0,NG1lLmNvbS9FZmZvcnRDbGFzcy8xMDc3,NG1lLmNvbS9Pcmdhbml6YXRpb24vMjMwMjk3,NG1lLmNvbS9QZXJzb24vNTQ5MzgxOA,NULL,NG1lLmNvbS9TZXJ2aWNlLzYxMzUz,NG1lLmNvbS9TZXJ2aWNlSW5zdGFuY2UvMzgwODk4,NG1lLmNvbS9TbGEvNzc0NTY0,NULL,NULL,2024-10-10 13:57:57.000,NG1lLmNvbS9UZWFtLzMwMzg1,NULL,10,2024-10-10 14:07:57.000,2024-10-10 14:07:57.000
infolumos,NG1lLmNvbS9UaW1lRW50cnkvMzc0MDI3MDE,MIC Low1,P00244|134,NG1lLmNvbS9SZXEvNTI1MDQwOTg,NULL,NULL,NULL,NULL,NULL,0,NULL,NULL,NG1lLmNvbS9Pcmdhbml6YXRpb24vMjYzNjUx,10/10/2024,0,NG1lLmNvbS9FZmZvcnRDbGFzcy8xMDc3,NG1lLmNvbS9Pcmdhbml6YXRpb24vMjMwMjk3,NG1lLmNvbS9QZXJzb24vNTUwMTM3MQ,NULL,NG1lLmNvbS9TZXJ2aWNlLzYxMzU0,NG1lLmNvbS9TZXJ2aWNlSW5zdGFuY2UvMzgwOTE2,NG1lLmNvbS9TbGEvNzc0MTUx,NULL,NULL,2024-10-10 13:38:11.000,NG1lLmNvbS9UZWFtLzMwMzg3,NULL,30,2024-10-10 14:08:11.000,2024-10-10 14:08:11.000
infolumos,NG1lLmNvbS9UaW1lRW50cnkvMzc0MDI3NzY,MIC Low1,P00382|106,NG1lLmNvbS9SZXEvNTIzOTg3Mjc,NULL,NULL,NULL,NULL,NULL,0,NULL,NULL,NG1lLmNvbS9Pcmdhbml6YXRpb24vMjYzNjQ5,10/10/2024,0,NG1lLmNvbS9FZmZvcnRDbGFzcy8xMDc3,NG1lLmNvbS9Pcmdhbml6YXRpb24vMjMwMjk3,NG1lLmNvbS9QZXJzb24vNTUwMTM3MQ,NULL,NG1lLmNvbS9TZXJ2aWNlLzYxMzU0,NG1lLmNvbS9TZXJ2aWNlSW5zdGFuY2UvMzgwOTE0,NG1lLmNvbS9TbGEvNzc0MTMz,NULL,NULL,2024-10-10 13:39:51.000,NG1lLmNvbS9UZWFtLzMwMzg3,NULL,30,2024-10-10 14:09:51.000,2024-10-10 14:09:51.000
infolumos,NG1lLmNvbS9UaW1lRW50cnkvMzc0MDI4MDg,BSA RFC1,Geen Contract,NG1lLmNvbS9SZXEvNDk3ODAwMDc,NULL,NULL,NULL,NULL,NULL,0,NULL,NULL,NG1lLmNvbS9Pcmdhbml6YXRpb24vMjMwMjk3,10/10/2024,0,NG1lLmNvbS9FZmZvcnRDbGFzcy8xMDc3,NG1lLmNvbS9Pcmdhbml6YXRpb24vMjMwMjk3,NG1lLmNvbS9QZXJzb24vNTUwMTM3MQ,NULL,NG1lLmNvbS9TZXJ2aWNlLzYxMzUw,NG1lLmNvbS9TZXJ2aWNlSW5zdGFuY2UvMzgwNDE0,NG1lLmNvbS9TbGEvNzc0NTcx,NULL,NULL,2024-10-10 09:10:37.000,NG1lLmNvbS9UZWFtLzMwMzg3,NULL,300,2024-10-10 14:10:37.000,2024-10-10 14:10:37.000
infolumos,NG1lLmNvbS9UaW1lRW50cnkvMzc0MDI4MDk,GA15,P00793|147,NULL,NG1lLmNvbS9UYXNrLzQ1ODAxNjY2,NULL,NULL,NULL,NULL,0,NULL,NULL,NG1lLmNvbS9Pcmdhbml6YXRpb24vMjYzNzEy,10/10/2024,0,NG1lLmNvbS9FZmZvcnRDbGFzcy8xMDc3,NG1lLmNvbS9Pcmdhbml6YXRpb24vMjMwMjk3,NG1lLmNvbS9QZXJzb24vNTUwMTM1Nw,NULL,NG1lLmNvbS9TZXJ2aWNlLzYxMzUz,NULL,NG1lLmNvbS9TbGEvNzc3NTg4,NULL,NULL,2024-10-10 14:09:37.000,NG1lLmNvbS9UZWFtLzMwMzg3,NULL,1,2024-10-10 14:10:38.000,2024-10-10 14:10:38.000
infolumos,NG1lLmNvbS9UaW1lRW50cnkvMzc0MDI4Mjg,GA15,P00793|147,NULL,NG1lLmNvbS9UYXNrLzQ1ODAxNjY4,NULL,NULL,NULL,NULL,0,NULL,NULL,NG1lLmNvbS9Pcmdhbml6YXRpb24vMjYzNzEy,10/10/2024,0,NG1lLmNvbS9FZmZvcnRDbGFzcy8xMDc3,NG1lLmNvbS9Pcmdhbml6YXRpb24vMjMwMjk3,NG1lLmNvbS9QZXJzb24vNTUwMTM1Nw,NULL,NG1lLmNvbS9TZXJ2aWNlLzYxMzUz,NULL,NG1lLmNvbS9TbGEvNzc3NTg4,NULL,NULL,2024-10-10 14:06:09.000,NG1lLmNvbS9UZWFtLzMwMzg3,NULL,5,2024-10-10 14:11:09.000,2024-10-10 14:11:09.000
infolumos,NG1lLmNvbS9UaW1lRW50cnkvMzc0MDI4MTg,GA15,P00793|147,NULL,NG1lLmNvbS9UYXNrLzQ1ODAxNjY3,NULL,NULL,NULL,NULL,0,NULL,NULL,NG1lLmNvbS9Pcmdhbml6YXRpb24vMjYzNzEy,10/10/2024,0,NG1lLmNvbS9FZmZvcnRDbGFzcy8xMDc3,NG1lLmNvbS9Pcmdhbml6YXRpb24vMjMwMjk3,NG1lLmNvbS9QZXJzb24vNTUwMTM1Nw,NULL,NG1lLmNvbS9TZXJ2aWNlLzYxMzUz,NULL,NG1lLmNvbS9TbGEvNzc3NTg4,NULL,NULL,2024-10-10 14:09:50.000,NG1lLmNvbS9UZWFtLzMwMzg3,NULL,1,2024-10-10 14:10:50.000,2024-10-10 14:10:50.000
infolumos,NG1lLmNvbS9UaW1lRW50cnkvMzc0MDI4NTg,MIC Low1,P00372|107,NG1lLmNvbS9SZXEvNTI1MTMzNDY,NULL,NULL,NULL,NULL,NULL,0,NULL,NULL,NG1lLmNvbS9Pcmdhbml6YXRpb24vMjYzNjUy,10/10/2024,0,NG1lLmNvbS9FZmZvcnRDbGFzcy8xMDc3,NG1lLmNvbS9Pcmdhbml6YXRpb24vMjMwMjk3,NG1lLmNvbS9QZXJzb24vNTUwMTM1OQ,NULL,NG1lLmNvbS9TZXJ2aWNlLzYxMzU0,NG1lLmNvbS9TZXJ2aWNlSW5zdGFuY2UvMzgwOTE3,NG1lLmNvbS9TbGEvNzc0MTYw,NULL,NULL,2024-10-10 14:06:54.000,NG1lLmNvbS9UZWFtLzMwMzg3,NULL,5,2024-10-10 14:11:54.000,2024-10-10 14:11:54.000
infolumos,NG1lLmNvbS9UaW1lRW50cnkvMzc0MDI4NzU,WIN4,P00254|120,NG1lLmNvbS9SZXEvNTIzMzExODc,NULL,NULL,NULL,NULL,time_material,0,NULL,NULL,NG1lLmNvbS9Pcmdhbml6YXRpb24vMjYzNjQw,10/10/2024,0,NG1lLmNvbS9FZmZvcnRDbGFzcy8xMDc3,NG1lLmNvbS9Pcmdhbml6YXRpb24vMjMwMjk3,NG1lLmNvbS9QZXJzb24vNTUwMTM1NQ,NULL,NG1lLmNvbS9TZXJ2aWNlLzYxMzUy,NG1lLmNvbS9TZXJ2aWNlSW5zdGFuY2UvMzgwNDQx,NG1lLmNvbS9TbGEvNzc0MDQ5,NULL,NULL,2024-10-10 13:52:11.000,NG1lLmNvbS9UZWFtLzMwMzg1,NULL,20,2024-10-10 14:12:11.000,2024-10-10 14:12:11.000
infolumos,NG1lLmNvbS9UaW1lRW50cnkvMzc0MDI5MDg,4ME-1010,P00654|1125,NG1lLmNvbS9SZXEvNTI0NTg2MDA,NULL,NULL,NULL,NULL,fixed_price,0,NULL,NULL,NG1lLmNvbS9Pcmdhbml6YXRpb24vMjY0MzI3,10/10/2024,0,NG1lLmNvbS9FZmZvcnRDbGFzcy8xMDc3,NG1lLmNvbS9Pcmdhbml6YXRpb24vMjMwMjk3,NG1lLmNvbS9QZXJzb24vNTUwMTMzNw,NULL,NG1lLmNvbS9TZXJ2aWNlLzYxMzU4,NG1lLmNvbS9TZXJ2aWNlSW5zdGFuY2UvMzgyMTg5,NG1lLmNvbS9TbGEvNzc2ODk4,NULL,NULL,2024-10-10 13:54:15.000,NG1lLmNvbS9UZWFtLzMwMzg2,NULL,19,2024-10-10 14:13:15.000,2024-10-10 14:13:15.000
infolumos,NG1lLmNvbS9UaW1lRW50cnkvMzc0MDI5NDc,WIN4,P00254|120,NG1lLmNvbS9SZXEvNTI0MzY1MTE,NULL,NULL,NULL,NULL,time_material,0,NULL,NULL,NG1lLmNvbS9Pcmdhbml6YXRpb24vMjYzNjQw,10/10/2024,0,NG1lLmNvbS9FZmZvcnRDbGFzcy8xMDc3,NG1lLmNvbS9Pcmdhbml6YXRpb24vMjMwMjk3,NG1lLmNvbS9QZXJzb24vNTUwMTM1NQ,NULL,NG1lLmNvbS9TZXJ2aWNlLzYxMzUy,NG1lLmNvbS9TZXJ2aWNlSW5zdGFuY2UvMzgwNDQx,NG1lLmNvbS9TbGEvNzc0MDQ5,NULL,NULL,2024-10-10 13:54:24.000,NG1lLmNvbS9UZWFtLzMwMzg1,NULL,20,2024-10-10 14:14:24.000,2024-10-10 14:14:24.000
infolumos,NG1lLmNvbS9UaW1lRW50cnkvMzc0MDIwMjA,VOIP Low1,P00593|842,NG1lLmNvbS9SZXEvNTA5NjA1NTA,NULL,NULL,NULL,NULL,NULL,0,NULL,NULL,NG1lLmNvbS9Pcmdhbml6YXRpb24vMjY0MTA1,10/10/2024,0,NG1lLmNvbS9FZmZvcnRDbGFzcy8xMDc3,NG1lLmNvbS9Pcmdhbml6YXRpb24vMjMwMjk3,NG1lLmNvbS9QZXJzb24vNTQ5MzgxNw,NULL,NG1lLmNvbS9TZXJ2aWNlLzYxMzU4,NG1lLmNvbS9TZXJ2aWNlSW5zdGFuY2UvMzg4ODEz,NG1lLmNvbS9TbGEvNzg3ODY1,NULL,NULL,2024-10-10 13:43:20.000,NG1lLmNvbS9UZWFtLzMwMzg2,NULL,9,2024-10-10 13:52:20.000,2024-10-10 13:52:20.000
infolumos,NG1lLmNvbS9UaW1lRW50cnkvMzc0MDIwODY,4ME-1010,P00654|1125,NULL,NG1lLmNvbS9UYXNrLzQ1ODQ1MTcw,NULL,NULL,NULL,fixed_price,0,NULL,NULL,NG1lLmNvbS9Pcmdhbml6YXRpb24vMjY0MzI3,10/10/2024,0,NG1lLmNvbS9FZmZvcnRDbGFzcy8xMDc3,NG1lLmNvbS9Pcmdhbml6YXRpb24vMjMwMjk3,NG1lLmNvbS9QZXJzb24vNTUwMTMzNw,NULL,NG1lLmNvbS9TZXJ2aWNlLzYxMzU4,NULL,NG1lLmNvbS9TbGEvNzc2ODk4,NULL,NULL,2024-10-10 13:44:42.000,NG1lLmNvbS9UZWFtLzMwMzg2,NULL,9,2024-10-10 13:53:42.000,2024-10-10 13:53:42.000
infolumos,NG1lLmNvbS9UaW1lRW50cnkvMzc0MDIyNDg,WIN Low1,P00228|94,NG1lLmNvbS9SZXEvNTE5OTA3Njk,NULL,NULL,NULL,NULL,NULL,0,NULL,NULL,NG1lLmNvbS9Pcmdhbml6YXRpb24vMjYzNjYx,10/10/2024,0,NG1lLmNvbS9FZmZvcnRDbGFzcy8xMDc3,NG1lLmNvbS9Pcmdhbml6YXRpb24vMjMwMjk3,NG1lLmNvbS9QZXJzb24vNTUwMTM1Ng,NULL,NG1lLmNvbS9TZXJ2aWNlLzYxMzUy,NG1lLmNvbS9TZXJ2aWNlSW5zdGFuY2UvMzgwNjE3,NG1lLmNvbS9TbGEvNzc0MjQ2,NULL,NULL,2024-10-10 13:42:57.000,NG1lLmNvbS9UZWFtLzMwMzg3,NULL,15,2024-10-10 13:57:57.000,2024-10-10 13:57:57.000
infolumos,NG1lLmNvbS9UaW1lRW50cnkvMzc0MDIyNDU,GA RFI1,P00003|101,NG1lLmNvbS9SZXEvNTI1MTI1ODI,NULL,NULL,NULL,NULL,NULL,0,NULL,NULL,NG1lLmNvbS9Pcmdhbml6YXRpb24vMjYzNjU1,10/10/2024,0,NG1lLmNvbS9FZmZvcnRDbGFzcy8xMDc3,NG1lLmNvbS9Pcmdhbml6YXRpb24vMjMwMjk3,NG1lLmNvbS9QZXJzb24vNTUwMTM0Mg,NULL,NG1lLmNvbS9TZXJ2aWNlLzYxMzUz,NG1lLmNvbS9TZXJ2aWNlSW5zdGFuY2UvMzgwNTcw,NG1lLmNvbS9TbGEvNzc0MTk0,NULL,NULL,2024-10-10 13:47:57.000,NG1lLmNvbS9UZWFtLzMwMzg1,NULL,10,2024-10-10 13:57:57.000,2024-10-10 13:57:57.000
infolumos,NG1lLmNvbS9UaW1lRW50cnkvMzc0MDIyNzA,NET12,P00483|1168,NG1lLmNvbS9SZXEvNTI1MTE4NjU,NULL,NULL,NULL,NULL,NULL,0,NULL,NULL,NG1lLmNvbS9Pcmdhbml6YXRpb24vMjY0NDM2,10/10/2024,0,NG1lLmNvbS9FZmZvcnRDbGFzcy8xMDc3,NG1lLmNvbS9Pcmdhbml6YXRpb24vMjMwMjk3,NG1lLmNvbS9QZXJzb24vNTQ5MzgxOA,NULL,NG1lLmNvbS9TZXJ2aWNlLzYxMzU1,NG1lLmNvbS9TZXJ2aWNlSW5zdGFuY2UvMzgxMTUy,NG1lLmNvbS9TbGEvNzc3MzI1,NULL,NULL,2024-10-10 13:53:38.000,NG1lLmNvbS9UZWFtLzMwMzg1,NULL,5,2024-10-10 13:58:38.000,2024-10-10 13:58:38.000
infolumos,NG1lLmNvbS9UaW1lRW50cnkvMzc0MDIyODE,VOIP8,P00481|1237,NULL,NG1lLmNvbS9UYXNrLzQ1NDUwMzE4,NULL,NULL,NULL,NULL,0,NULL,NULL,NG1lLmNvbS9Pcmdhbml6YXRpb24vMjYzODU1,10/10/2024,0,NG1lLmNvbS9FZmZvcnRDbGFzcy8xMDc3,NG1lLmNvbS9Pcmdhbml6YXRpb24vMjMwMjk3,NG1lLmNvbS9QZXJzb24vNTQ5MzgxNw,NULL,NG1lLmNvbS9TZXJ2aWNlLzYxMzU4,NULL,NG1lLmNvbS9TbGEvNzc1MDM4,NULL,NULL,2024-10-10 13:58:00.000,NG1lLmNvbS9UZWFtLzMwMzg2,NULL,1,2024-10-10 13:59:00.000,2024-10-10 13:59:00.000
infolumos,NG1lLmNvbS9UaW1lRW50cnkvMzc0MDIyOTk,Azure2,P00003|101,NG1lLmNvbS9SZXEvNTI1MTAxNTg,NULL,NULL,NULL,NULL,NULL,0,NULL,NULL,NG1lLmNvbS9Pcmdhbml6YXRpb24vMjYzNjU1,10/10/2024,0,NG1lLmNvbS9FZmZvcnRDbGFzcy8xMDc3,NG1lLmNvbS9Pcmdhbml6YXRpb24vMjMwMjk3,NG1lLmNvbS9QZXJzb24vNTUwODM1NQ,NULL,NG1lLmNvbS9TZXJ2aWNlLzYxMzUy,NG1lLmNvbS9TZXJ2aWNlSW5zdGFuY2UvMzgxNjc5,NG1lLmNvbS9TbGEvNzc1MTgy,NULL,NULL,2024-10-10 13:29:26.000,NG1lLmNvbS9UZWFtLzMwMzg3,NULL,30,2024-10-10 13:59:26.000,2024-10-10 13:59:26.000
infolumos,NG1lLmNvbS9UaW1lRW50cnkvMzc0MDIzMDA,VOIP8,P00481|1237,NULL,NG1lLmNvbS9UYXNrLzQ1NDUwMzE5,NULL,NULL,NULL,NULL,0,NULL,NULL,NG1lLmNvbS9Pcmdhbml6YXRpb24vMjYzODU1,10/10/2024,0,NG1lLmNvbS9FZmZvcnRDbGFzcy8xMDc3,NG1lLmNvbS9Pcmdhbml6YXRpb24vMjMwMjk3,NG1lLmNvbS9QZXJzb24vNTQ5MzgxNw,NULL,NG1lLmNvbS9TZXJ2aWNlLzYxMzU4,NULL,NG1lLmNvbS9TbGEvNzc1MDM4,NULL,NULL,2024-10-10 13:58:26.000,NG1lLmNvbS9UZWFtLzMwMzg2,NULL,1,2024-10-10 13:59:26.000,2024-10-10 13:59:26.000
infolumos,NG1lLmNvbS9UaW1lRW50cnkvMzc0MDIzNTA,VOIP8,P00481|1237,NULL,NG1lLmNvbS9UYXNrLzQ1NDUwMzIx,NULL,NULL,NULL,NULL,0,NULL,NULL,NG1lLmNvbS9Pcmdhbml6YXRpb24vMjYzODU1,10/10/2024,0,NG1lLmNvbS9FZmZvcnRDbGFzcy8xMDc3,NG1lLmNvbS9Pcmdhbml6YXRpb24vMjMwMjk3,NG1lLmNvbS9QZXJzb24vNTQ5MzgxNw,NULL,NG1lLmNvbS9TZXJ2aWNlLzYxMzU4,NULL,NG1lLmNvbS9TbGEvNzc1MDM4,NULL,NULL,2024-10-10 13:59:33.000,NG1lLmNvbS9UZWFtLzMwMzg2,NULL,1,2024-10-10 14:00:33.000,2024-10-10 14:00:33.000
infolumos,NG1lLmNvbS9UaW1lRW50cnkvMzc0MDIzODk,GA12,P00794|157,NG1lLmNvbS9SZXEvNTE0Njg2Nzk,NULL,NULL,NULL,NULL,NULL,0,NULL,NULL,NG1lLmNvbS9Pcmdhbml6YXRpb24vMjYzNzA1,10/10/2024,0,NG1lLmNvbS9FZmZvcnRDbGFzcy8xMDc3,NG1lLmNvbS9Pcmdhbml6YXRpb24vMjMwMjk3,NG1lLmNvbS9QZXJzb24vNTUwMTM1Nw,NULL,NG1lLmNvbS9TZXJ2aWNlLzYxMzUz,NG1lLmNvbS9TZXJ2aWNlSW5zdGFuY2UvMzgxNDcz,NG1lLmNvbS9TbGEvNzc3NDc4,NULL,NULL,2024-10-10 13:56:22.000,NG1lLmNvbS9UZWFtLzMwMzg3,NULL,5,2024-10-10 14:01:22.000,2024-10-10 14:01:22.000
infolumos,NG1lLmNvbS9UaW1lRW50cnkvMzc0MDk2ODE,4ME-1020,P00555|1221,NULL,NG1lLmNvbS9UYXNrLzQ1ODg5MjM5,NULL,NULL,NULL,fixed_price,0,NULL,NULL,NG1lLmNvbS9Pcmdhbml6YXRpb24vMjYzNzQ2,10/11/2024,0,NG1lLmNvbS9FZmZvcnRDbGFzcy8xMDc3,NG1lLmNvbS9Pcmdhbml6YXRpb24vMjMwMjk3,NG1lLmNvbS9QZXJzb24vNTQ5MzgxOA,NULL,NG1lLmNvbS9TZXJ2aWNlLzYxMzU4,NULL,NG1lLmNvbS9TbGEvNzc0NjU1,NULL,NULL,2024-10-11 05:50:56.000,NG1lLmNvbS9UZWFtLzMwMzkx,NULL,5,2024-10-11 05:55:56.000,2024-10-11 05:55:56.000
infolumos,NG1lLmNvbS9UaW1lRW50cnkvMzc0MDk3MTM,GA4,P00474|93,NULL,NG1lLmNvbS9UYXNrLzQ1ODkxMTQ3,NULL,NULL,NULL,NULL,0,NULL,NULL,NG1lLmNvbS9Pcmdhbml6YXRpb24vMjYzNjU0,10/11/2024,0,NG1lLmNvbS9FZmZvcnRDbGFzcy8xMDc3,NG1lLmNvbS9Pcmdhbml6YXRpb24vMjMwMjk3,NG1lLmNvbS9QZXJzb24vNTQ5MzgxOA,NULL,NG1lLmNvbS9TZXJ2aWNlLzYxMzUz,NULL,NG1lLmNvbS9TbGEvNzc0MTg1,NULL,NULL,2024-10-11 05:52:36.000,NG1lLmNvbS9UZWFtLzMwMzg1,NULL,5,2024-10-11 05:57:36.000,2024-10-11 05:57:36.000
infolumos,NG1lLmNvbS9UaW1lRW50cnkvMzc0MDk3Mzk,GA4,P00354|104,NULL,NG1lLmNvbS9UYXNrLzQ1ODkzMjU2,NULL,NULL,NULL,NULL,0,NULL,NULL,NG1lLmNvbS9Pcmdhbml6YXRpb24vMjYzNjc0,10/11/2024,0,NG1lLmNvbS9FZmZvcnRDbGFzcy8xMDc3,NG1lLmNvbS9Pcmdhbml6YXRpb24vMjMwMjk3,NG1lLmNvbS9QZXJzb24vNTQ5MzgxOA,NULL,NG1lLmNvbS9TZXJ2aWNlLzYxMzUz,NULL,NG1lLmNvbS9TbGEvNzc0MzY0,NULL,NULL,2024-10-11 05:53:32.000,NG1lLmNvbS9UZWFtLzMwMzg1,NULL,5,2024-10-11 05:58:32.000,2024-10-11 05:58:32.000
infolumos,NG1lLmNvbS9UaW1lRW50cnkvMzc0MDk3Njc,MOB7,P00049|1085,NULL,NG1lLmNvbS9UYXNrLzQ1ODg5MDkw,NULL,NULL,NULL,NULL,0,NULL,NULL,NG1lLmNvbS9Pcmdhbml6YXRpb24vMjY0MjQ2,10/11/2024,0,NG1lLmNvbS9FZmZvcnRDbGFzcy8xMDc3,NG1lLmNvbS9Pcmdhbml6YXRpb24vMjMwMjk3,NG1lLmNvbS9QZXJzb24vNTQ5MzgxOA,NULL,NG1lLmNvbS9TZXJ2aWNlLzYxMzU4,NULL,NG1lLmNvbS9TbGEvNzc2NTI1,NULL,NULL,2024-10-11 05:54:24.000,NG1lLmNvbS9UZWFtLzMwMzkx,NULL,5,2024-10-11 05:59:24.000,2024-10-11 05:59:24.000
infolumos,NG1lLmNvbS9UaW1lRW50cnkvMzc0MDk3ODc,MIC6,P00212|116,NULL,NG1lLmNvbS9UYXNrLzQ1ODM2NDQ0,NULL,NULL,NULL,NULL,0,NULL,NULL,NG1lLmNvbS9Pcmdhbml6YXRpb24vMjYzNjQ0,10/11/2024,0,NG1lLmNvbS9FZmZvcnRDbGFzcy8xMDc3,NG1lLmNvbS9Pcmdhbml6YXRpb24vMjMwMjk3,NG1lLmNvbS9QZXJzb24vNTUwMTM0MQ,NULL,NG1lLmNvbS9TZXJ2aWNlLzYxMzU0,NULL,NG1lLmNvbS9TbGEvNzc0MDg4,NULL,NULL,2024-10-11 05:57:25.000,NG1lLmNvbS9UZWFtLzMwMzg3,NULL,3,2024-10-11 06:00:25.000,2024-10-11 06:00:25.000
infolumos,NG1lLmNvbS9UaW1lRW50cnkvMzc0MDk4MTM,GA7,P00474|93,NULL,NG1lLmNvbS9UYXNrLzQ1OTAwOTg2,NULL,NULL,NULL,NULL,0,NULL,NULL,NG1lLmNvbS9Pcmdhbml6YXRpb24vMjYzNjU0,10/11/2024,0,NG1lLmNvbS9FZmZvcnRDbGFzcy8xMDc3,NG1lLmNvbS9Pcmdhbml6YXRpb24vMjMwMjk3,NG1lLmNvbS9QZXJzb24vNTQ5MzgxOA,NULL,NG1lLmNvbS9TZXJ2aWNlLzYxMzUz,NULL,NG1lLmNvbS9TbGEvNzc0MTg1,NULL,NULL,2024-10-11 05:56:39.000,NG1lLmNvbS9UZWFtLzMwMzg1,NULL,5,2024-10-11 06:01:40.000,2024-10-11 06:01:40.000
infolumos,NG1lLmNvbS9UaW1lRW50cnkvMzc0MDk4MzA,BSA8,P00291|77,NULL,NG1lLmNvbS9UYXNrLzQ1NzUxMDk3,NULL,NULL,NULL,NULL,0,NULL,NULL,NG1lLmNvbS9Pcmdhbml6YXRpb24vMjYzNjUz,10/11/2024,0,NG1lLmNvbS9FZmZvcnRDbGFzcy8xMDc3,NG1lLmNvbS9Pcmdhbml6YXRpb24vMjMwMjk3,NG1lLmNvbS9QZXJzb24vNTUwMTM0MQ,NULL,NG1lLmNvbS9TZXJ2aWNlLzYxMzUw,NULL,NG1lLmNvbS9TbGEvNzc0MTcy,NULL,NULL,2024-10-11 05:59:28.000,NG1lLmNvbS9UZWFtLzMwMzg3,NULL,3,2024-10-11 06:02:28.000,2024-10-11 06:02:28.000
infolumos,NG1lLmNvbS9UaW1lRW50cnkvMzc0MDk4NDY,GA16,P00720|886,NULL,NG1lLmNvbS9UYXNrLzQ1NzQ4NTU1,NULL,NULL,NULL,NULL,0,NULL,NULL,NG1lLmNvbS9Pcmdhbml6YXRpb24vMjYzNzIx,10/11/2024,0,NG1lLmNvbS9FZmZvcnRDbGFzcy8xMDc3,NG1lLmNvbS9Pcmdhbml6YXRpb24vMjMwMjk3,NG1lLmNvbS9QZXJzb24vNTUwMTM0MQ,NULL,NG1lLmNvbS9TZXJ2aWNlLzYxMzUz,NULL,NG1lLmNvbS9TbGEvNzc0MTY3,NULL,NULL,2024-10-11 06:01:00.000,NG1lLmNvbS9UZWFtLzMwMzg3,NULL,2,2024-10-11 06:03:00.000,2024-10-11 06:03:00.000
infolumos,NG1lLmNvbS9UaW1lRW50cnkvMzc0MDk4Njc,GA7,P00474|93,NULL,NG1lLmNvbS9UYXNrLzQ1OTAwOTk3,NULL,NULL,NULL,NULL,0,NULL,NULL,NG1lLmNvbS9Pcmdhbml6YXRpb24vMjYzNjU0,10/11/2024,0,NG1lLmNvbS9FZmZvcnRDbGFzcy8xMDc3,NG1lLmNvbS9Pcmdhbml6YXRpb24vMjMwMjk3,NG1lLmNvbS9QZXJzb24vNTQ5MzgxOA,NULL,NG1lLmNvbS9TZXJ2aWNlLzYxMzUz,NULL,NG1lLmNvbS9TbGEvNzc0MTg1,NULL,NULL,2024-10-11 05:58:45.000,NG1lLmNvbS9UZWFtLzMwMzg1,NULL,5,2024-10-11 06:03:45.000,2024-10-11 06:03:45.000
infolumos,NG1lLmNvbS9UaW1lRW50cnkvMzc0MDk4NTE,MOB2,P00625|678,NG1lLmNvbS9SZXEvNTI0ODM1NjE,NULL,NULL,NULL,NULL,NULL,0,NULL,NULL,NG1lLmNvbS9Pcmdhbml6YXRpb24vMjYzODMy,10/11/2024,0,NG1lLmNvbS9FZmZvcnRDbGFzcy8xMDc3,NG1lLmNvbS9Pcmdhbml6YXRpb24vMjMwMjk3,NG1lLmNvbS9QZXJzb24vNTUwMTMzNw,NULL,NG1lLmNvbS9TZXJ2aWNlLzYxMzU4,NG1lLmNvbS9TZXJ2aWNlSW5zdGFuY2UvMzgyMzM0,NG1lLmNvbS9TbGEvNzc0OTU3,NULL,NULL,2024-10-11 05:59:10.000,NG1lLmNvbS9UZWFtLzMwMzg2,NULL,4,2024-10-11 06:03:10.000,2024-10-11 06:03:10.000
infolumos,NG1lLmNvbS9UaW1lRW50cnkvMzc0MDk4ODM,GA RFI1,P00551|87,NG1lLmNvbS9SZXEvNTE4MDg2NzA,NULL,NULL,NULL,NULL,NULL,0,NULL,NULL,NG1lLmNvbS9Pcmdhbml6YXRpb24vMjYzNjQ2,10/11/2024,0,NG1lLmNvbS9FZmZvcnRDbGFzcy8xMDc3,NG1lLmNvbS9Pcmdhbml6YXRpb24vMjMwMjk3,NG1lLmNvbS9QZXJzb24vNTUwMTM0MQ,NULL,NG1lLmNvbS9TZXJ2aWNlLzYxMzUz,NG1lLmNvbS9TZXJ2aWNlSW5zdGFuY2UvMzgwNDkw,NG1lLmNvbS9TbGEvNzc0MTA1,NULL,NULL,2024-10-11 06:02:11.000,NG1lLmNvbS9UZWFtLzMwMzg3,NULL,2,2024-10-11 06:04:11.000,2024-10-11 06:04:11.000
infolumos,NG1lLmNvbS9UaW1lRW50cnkvMzc0MDk5MTM,BSA3,P00271|102,NG1lLmNvbS9SZXEvNTEzOTMxODg,NULL,NULL,NULL,NULL,NULL,0,NULL,NULL,NG1lLmNvbS9Pcmdhbml6YXRpb24vMjYzNjU5,10/11/2024,0,NG1lLmNvbS9FZmZvcnRDbGFzcy8xMDc3,NG1lLmNvbS9Pcmdhbml6YXRpb24vMjMwMjk3,NG1lLmNvbS9QZXJzb24vNTUwMTM0MQ,NULL,NG1lLmNvbS9TZXJ2aWNlLzYxMzUw,NG1lLmNvbS9TZXJ2aWNlSW5zdGFuY2UvMzgwNTk5,NG1lLmNvbS9TbGEvNzc0MjI2,NULL,NULL,2024-10-11 06:02:24.000,NG1lLmNvbS9UZWFtLzMwMzg3,NULL,3,2024-10-11 06:05:24.000,2024-10-11 06:05:24.000
infolumos,NG1lLmNvbS9UaW1lRW50cnkvMzc0MDk5MzQ,GA15,P00212|116,NULL,NG1lLmNvbS9UYXNrLzQ1OTAxMDYz,NULL,NULL,NULL,NULL,0,NULL,NULL,NG1lLmNvbS9Pcmdhbml6YXRpb24vMjYzNjQ0,10/11/2024,0,NG1lLmNvbS9FZmZvcnRDbGFzcy8xMDc3,NG1lLmNvbS9Pcmdhbml6YXRpb24vMjMwMjk3,NG1lLmNvbS9QZXJzb24vNTQ5MzgxOA,NULL,NG1lLmNvbS9TZXJ2aWNlLzYxMzUz,NULL,NG1lLmNvbS9TbGEvNzc0MDg3,NULL,NULL,2024-10-11 06:01:17.000,NG1lLmNvbS9UZWFtLzMwMzg1,NULL,5,2024-10-11 06:06:17.000,2024-10-11 06:06:17.000
infolumos,NG1lLmNvbS9UaW1lRW50cnkvMzc0MDM1MzY,BSA RFC1,P00771|145,NG1lLmNvbS9SZXEvNDYxNDcwNDE,NULL,NULL,NULL,NULL,NULL,0,NULL,NULL,NG1lLmNvbS9Pcmdhbml6YXRpb24vMjYzNjk4,10/10/2024,0,NG1lLmNvbS9FZmZvcnRDbGFzcy8xMDc3,NG1lLmNvbS9Pcmdhbml6YXRpb24vMjMwMjk3,NG1lLmNvbS9QZXJzb24vNTUwMTM1Nw,NULL,NG1lLmNvbS9TZXJ2aWNlLzYxMzUw,NG1lLmNvbS9TZXJ2aWNlSW5zdGFuY2UvMzgwODk1,NG1lLmNvbS9TbGEvNzc0NTYw,NULL,NULL,2024-10-10 13:58:21.000,NG1lLmNvbS9UZWFtLzMwMzg3,NULL,30,2024-10-10 14:28:21.000,2024-10-10 14:28:21.000
infolumos,NG1lLmNvbS9UaW1lRW50cnkvMzc0MDM1Njc,MOB7,P00049|1085,NG1lLmNvbS9SZXEvNTI1MTQzNTM,NULL,NULL,NULL,NULL,NULL,0,NULL,NULL,NG1lLmNvbS9Pcmdhbml6YXRpb24vMjY0MjQ2,10/10/2024,0,NG1lLmNvbS9FZmZvcnRDbGFzcy8xMDc3,NG1lLmNvbS9Pcmdhbml6YXRpb24vMjMwMjk3,NG1lLmNvbS9QZXJzb24vNTUwMTM1NQ,NULL,NG1lLmNvbS9TZXJ2aWNlLzYxMzU4,NG1lLmNvbS9TZXJ2aWNlSW5zdGFuY2UvMzgyNjQz,NG1lLmNvbS9TbGEvNzc2NTI1,NULL,NULL,2024-10-10 14:24:08.000,NG1lLmNvbS9UZWFtLzMwMzg1,NULL,5,2024-10-10 14:29:08.000,2024-10-10 14:29:08.000
infolumos,NG1lLmNvbS9UaW1lRW50cnkvMzc0MDM1OTg,NULL,P00372|107,NG1lLmNvbS9SZXEvNTI1MDIyNDM,NULL,NULL,NULL,NULL,NULL,0,NULL,NULL,NG1lLmNvbS9Pcmdhbml6YXRpb24vMjYzNjUy,10/10/2024,0,NG1lLmNvbS9FZmZvcnRDbGFzcy8xMDc3,NG1lLmNvbS9Pcmdhbml6YXRpb24vMjMwMjk3,NG1lLmNvbS9QZXJzb24vNTUwMTM1OQ,NULL,NG1lLmNvbS9TZXJ2aWNlLzYxMzU0,NG1lLmNvbS9TZXJ2aWNlSW5zdGFuY2UvMzgwOTE3,NG1lLmNvbS9TbGEvNzc0MTYw,NULL,NULL,2024-10-10 12:59:51.000,NG1lLmNvbS9UZWFtLzMwMzg3,NULL,90,2024-10-10 14:29:51.000,2024-10-10 14:29:51.000
infolumos,NG1lLmNvbS9UaW1lRW50cnkvMzc0MDM2MDE,BSA2,P00270|118,NG1lLmNvbS9SZXEvNTI1MTM3NjU,NULL,NULL,NULL,NULL,NULL,0,NULL,NULL,NG1lLmNvbS9Pcmdhbml6YXRpb24vMjYzNjY4,10/10/2024,0,NG1lLmNvbS9FZmZvcnRDbGFzcy8xMDc3,NG1lLmNvbS9Pcmdhbml6YXRpb24vMjMwMjk3,NG1lLmNvbS9QZXJzb24vNTQ5MzgxMg,NULL,NG1lLmNvbS9TZXJ2aWNlLzYxMzUw,NG1lLmNvbS9TZXJ2aWNlSW5zdGFuY2UvMzgwNjcx,NG1lLmNvbS9TbGEvNzc0MzA3,NULL,NULL,2024-10-10 14:19:53.000,NG1lLmNvbS9UZWFtLzMwMzg3,NULL,10,2024-10-10 14:29:53.000,2024-10-10 14:29:53.000
infolumos,NG1lLmNvbS9UaW1lRW50cnkvMzc0MDM2MzE,NULL,NULL,NG1lLmNvbS9SZXEvNTI0Mzc4NTc,NULL,NULL,NULL,NULL,NULL,0,NULL,NULL,NG1lLmNvbS9Pcmdhbml6YXRpb24vMjMwMjk3,10/10/2024,0,NG1lLmNvbS9FZmZvcnRDbGFzcy8xMDc3,NG1lLmNvbS9Pcmdhbml6YXRpb24vMjMwMjk3,NG1lLmNvbS9QZXJzb24vNTQ5MzgxMg,NULL,NG1lLmNvbS9TZXJ2aWNlLzYxMzUw,NG1lLmNvbS9TZXJ2aWNlSW5zdGFuY2UvMzgwNDcx,NULL,NULL,NULL,2024-10-10 13:00:24.000,NG1lLmNvbS9UZWFtLzMwMzg3,NULL,90,2024-10-10 14:30:24.000,2024-10-10 14:30:24.000
infolumos,NG1lLmNvbS9UaW1lRW50cnkvMzc0MDM2MzY,4ME-1020,P00316|1114,NULL,NG1lLmNvbS9UYXNrLzQ1NjI5OTg1,NULL,NULL,NULL,fixed_price,0,NULL,NULL,NG1lLmNvbS9Pcmdhbml6YXRpb24vMjY0MzA4,10/10/2024,0,NG1lLmNvbS9FZmZvcnRDbGFzcy8xMDc3,NG1lLmNvbS9Pcmdhbml6YXRpb24vMjMwMjk3,NG1lLmNvbS9QZXJzb24vNTQ5MzgxNw,NULL,NG1lLmNvbS9TZXJ2aWNlLzYxMzU4,NULL,NG1lLmNvbS9TbGEvNzc2Nzk3,NULL,NULL,2024-10-10 14:25:28.000,NG1lLmNvbS9UZWFtLzMwMzg2,NULL,5,2024-10-10 14:30:28.000,2024-10-10 14:30:28.000
infolumos,NG1lLmNvbS9UaW1lRW50cnkvMzc0MDM2NTY,4ME-1020,P00555|1221,NG1lLmNvbS9SZXEvNTI1MTQ0MzM,NULL,NULL,NULL,NULL,fixed_price,0,NULL,NULL,NG1lLmNvbS9Pcmdhbml6YXRpb24vMjYzNzQ2,10/10/2024,0,NG1lLmNvbS9FZmZvcnRDbGFzcy8xMDc3,NG1lLmNvbS9Pcmdhbml6YXRpb24vMjMwMjk3,NG1lLmNvbS9QZXJzb24vNTUwMTM1NQ,NULL,NG1lLmNvbS9TZXJ2aWNlLzYxMzU4,NG1lLmNvbS9TZXJ2aWNlSW5zdGFuY2UvMzgxOTI5,NG1lLmNvbS9TbGEvNzc0NjU1,NULL,NULL,2024-10-10 14:26:02.000,NG1lLmNvbS9UZWFtLzMwMzg1,NULL,5,2024-10-10 14:31:02.000,2024-10-10 14:31:02.000
infolumos,NG1lLmNvbS9UaW1lRW50cnkvMzc0MDM2OTM,VOIP4,P00238|1342,NG1lLmNvbS9SZXEvNTI0MTkzMzM,NULL,NULL,NULL,NULL,NULL,0,NULL,NULL,NG1lLmNvbS9Pcmdhbml6YXRpb24vMjYzNjc2,10/10/2024,0,NG1lLmNvbS9FZmZvcnRDbGFzcy8xMDc3,NG1lLmNvbS9Pcmdhbml6YXRpb24vMjMwMjk3,NG1lLmNvbS9QZXJzb24vNTUwMTM3Nw,NULL,NG1lLmNvbS9TZXJ2aWNlLzYxMzU4,NG1lLmNvbS9TZXJ2aWNlSW5zdGFuY2UvMzgyMTI3,NG1lLmNvbS9TbGEvNzc2MzEz,NULL,NULL,2024-10-10 14:26:57.000,NG1lLmNvbS9UZWFtLzMwMzg2,NULL,5,2024-10-10 14:31:57.000,2024-10-10 14:31:57.000
infolumos,NG1lLmNvbS9UaW1lRW50cnkvMzc0MDM3MDU,BSA Low1,Geen Contract,NG1lLmNvbS9SZXEvNDk2MjkyNzQ,NULL,NULL,NULL,NULL,NULL,0,NULL,NULL,NG1lLmNvbS9Pcmdhbml6YXRpb24vMjMwMjk3,10/10/2024,0,NG1lLmNvbS9FZmZvcnRDbGFzcy8xMDc3,NG1lLmNvbS9Pcmdhbml6YXRpb24vMjMwMjk3,NG1lLmNvbS9QZXJzb24vNTUwMTM2Ng,NULL,NG1lLmNvbS9TZXJ2aWNlLzYxMzUw,NG1lLmNvbS9TZXJ2aWNlSW5zdGFuY2UvMzgwNDE0,NG1lLmNvbS9TbGEvNzc0NTcx,NULL,NULL,2024-10-10 10:32:11.000,NG1lLmNvbS9UZWFtLzMwMzg3,NULL,240,2024-10-10 14:32:11.000,2024-10-10 14:32:11.000
infolumos,NG1lLmNvbS9UaW1lRW50cnkvMzc0MDM3MTI,BSA3,P00254|120,NG1lLmNvbS9SZXEvNTI0OTc0Nzg,NULL,NULL,NULL,NULL,NULL,0,NULL,NULL,NG1lLmNvbS9Pcmdhbml6YXRpb24vMjYzNjQw,10/10/2024,0,NG1lLmNvbS9FZmZvcnRDbGFzcy8xMDc3,NG1lLmNvbS9Pcmdhbml6YXRpb24vMjMwMjk3,NG1lLmNvbS9QZXJzb24vNTUwMTM1Ng,NULL,NG1lLmNvbS9TZXJ2aWNlLzYxMzUw,NG1lLmNvbS9TZXJ2aWNlSW5zdGFuY2UvMzgwNDM5,NG1lLmNvbS9TbGEvNzc0MDQ3,NULL,NULL,2024-10-10 14:12:00.000,NG1lLmNvbS9UZWFtLzMwMzg3,NULL,25,2024-10-10 14:32:18.000,2024-10-10 16:05:54.000
infolumos,NG1lLmNvbS9UaW1lRW50cnkvMzc0MDM3NjA,WIN2,P00212|116,NG1lLmNvbS9SZXEvNTI1MTQ1NjE,NULL,NULL,NULL,NULL,NULL,0,NULL,NULL,NG1lLmNvbS9Pcmdhbml6YXRpb24vMjYzNjQ0,10/10/2024,0,NG1lLmNvbS9FZmZvcnRDbGFzcy8xMDc3,NG1lLmNvbS9Pcmdhbml6YXRpb24vMjMwMjk3,NG1lLmNvbS9QZXJzb24vNTUwODM1NQ,NULL,NG1lLmNvbS9TZXJ2aWNlLzYxMzUy,NG1lLmNvbS9TZXJ2aWNlSW5zdGFuY2UvMzgwNDcz,NG1lLmNvbS9TbGEvNzc0MDg1,NULL,NULL,2024-10-10 14:23:23.000,NG1lLmNvbS9UZWFtLzMwMzg3,NULL,10,2024-10-10 14:33:23.000,2024-10-10 14:33:23.000
infolumos,NG1lLmNvbS9UaW1lRW50cnkvMzc0MDM3NTg,BSA2,P00007|76,NG1lLmNvbS9SZXEvNTIzNDI2Mjg,NULL,NULL,NULL,NULL,NULL,0,NULL,NULL,NG1lLmNvbS9Pcmdhbml6YXRpb24vMjYzNjk2,10/10/2024,0,NG1lLmNvbS9FZmZvcnRDbGFzcy8xMDc3,NG1lLmNvbS9Pcmdhbml6YXRpb24vMjMwMjk3,NG1lLmNvbS9QZXJzb24vNTQ5MzgxOA,NULL,NG1lLmNvbS9TZXJ2aWNlLzYxMzUw,NG1lLmNvbS9TZXJ2aWNlSW5zdGFuY2UvMzgwODc5,NG1lLmNvbS9TbGEvNzc0NTQy,NULL,NULL,2024-10-10 14:18:21.000,NG1lLmNvbS9UZWFtLzMwMzg1,NULL,15,2024-10-10 14:33:21.000,2024-10-10 14:33:21.000
infolumos,NG1lLmNvbS9UaW1lRW50cnkvMzc0MDM4NTM,MOB7,P00418|1003,NG1lLmNvbS9SZXEvNTI1MTQ2OTA,NULL,NULL,NULL,NULL,NULL,0,NULL,NULL,NG1lLmNvbS9Pcmdhbml6YXRpb24vMjY0MDM0,10/10/2024,0,NG1lLmNvbS9FZmZvcnRDbGFzcy8xMDc3,NG1lLmNvbS9Pcmdhbml6YXRpb24vMjMwMjk3,NG1lLmNvbS9QZXJzb24vNTUwMTM0Mg,NULL,NG1lLmNvbS9TZXJ2aWNlLzYxMzU4,NG1lLmNvbS9TZXJ2aWNlSW5zdGFuY2UvMzgyNDc2,NG1lLmNvbS9TbGEvNzc1NzI0,NULL,NULL,2024-10-10 14:30:34.000,NG1lLmNvbS9UZWFtLzMwMzg1,NULL,5,2024-10-10 14:35:34.000,2024-10-10 14:35:34.000
infolumos,NG1lLmNvbS9UaW1lRW50cnkvMzc0MDM4OTg,MOB5,P00499|1187,NG1lLmNvbS9SZXEvNTI0OTE1ODg,NULL,NULL,NULL,NULL,NULL,0,NULL,NULL,NG1lLmNvbS9Pcmdhbml6YXRpb24vMjY0MTYy,10/10/2024,0,NG1lLmNvbS9FZmZvcnRDbGFzcy8xMDc3,NG1lLmNvbS9Pcmdhbml6YXRpb24vMjMwMjk3,NG1lLmNvbS9QZXJzb24vNTUwMTMzNw,NULL,NG1lLmNvbS9TZXJ2aWNlLzYxMzU4,NG1lLmNvbS9TZXJ2aWNlSW5zdGFuY2UvMzgyODA4,NG1lLmNvbS9TbGEvNzc2MjI2,NULL,NULL,2024-10-10 14:24:49.000,NG1lLmNvbS9UZWFtLzMwMzg2,NULL,12,2024-10-10 14:36:49.000,2024-10-10 14:36:49.000
infolumos,NG1lLmNvbS9UaW1lRW50cnkvMzc0MDM5MzE,MOB5,P00499|1187,NULL,NG1lLmNvbS9UYXNrLzQ1ODY2MDQ4,NULL,NULL,NULL,NULL,0,NULL,NULL,NG1lLmNvbS9Pcmdhbml6YXRpb24vMjY0MTYy,10/10/2024,0,NG1lLmNvbS9FZmZvcnRDbGFzcy8xMDc3,NG1lLmNvbS9Pcmdhbml6YXRpb24vMjMwMjk3,NG1lLmNvbS9QZXJzb24vNTUwMTMzNw,NULL,NG1lLmNvbS9TZXJ2aWNlLzYxMzU4,NULL,NG1lLmNvbS9TbGEvNzc2MjI2,NULL,NULL,2024-10-10 14:36:48.000,NG1lLmNvbS9UZWFtLzMwMzg2,NULL,1,2024-10-10 14:37:48.000,2024-10-10 14:37:48.000
infolumos,NG1lLmNvbS9UaW1lRW50cnkvMzc0MDMwNjA,IV3,P00313|619,NG1lLmNvbS9SZXEvNTI0MDE2NjQ,NULL,NULL,NULL,NULL,NULL,0,NULL,NULL,NG1lLmNvbS9Pcmdhbml6YXRpb24vMjY0Mjk2,10/10/2024,0,NG1lLmNvbS9FZmZvcnRDbGFzcy8xMDc3,NG1lLmNvbS9Pcmdhbml6YXRpb24vMjMwMjk3,NG1lLmNvbS9QZXJzb24vNTQ5MzgxNw,NULL,NG1lLmNvbS9TZXJ2aWNlLzYxMzU1,NG1lLmNvbS9TZXJ2aWNlSW5zdGFuY2UvMzgzODk2,NG1lLmNvbS9TbGEvNzc2NzUy,NULL,NULL,2024-10-10 14:02:09.000,NG1lLmNvbS9UZWFtLzMwMzg2,NULL,15,2024-10-10 14:17:09.000,2024-10-10 14:17:09.000
infolumos,NG1lLmNvbS9UaW1lRW50cnkvMzc0MDMxMDE,RAND4,P00254|120,NG1lLmNvbS9SZXEvNTE3Mjg2NTY,NULL,NULL,NULL,NULL,NULL,0,NULL,NULL,NG1lLmNvbS9Pcmdhbml6YXRpb24vMjYzNjQw,10/10/2024,0,NG1lLmNvbS9FZmZvcnRDbGFzcy8xMDc3,NG1lLmNvbS9Pcmdhbml6YXRpb24vMjMwMjk3,NG1lLmNvbS9QZXJzb24vNTUwMTM2Mw,NULL,NG1lLmNvbS9TZXJ2aWNlLzYxMzU3,NG1lLmNvbS9TZXJ2aWNlSW5zdGFuY2UvMzgwNDQ2,NG1lLmNvbS9TbGEvNzc0MDU1,NULL,NULL,2024-10-10 13:33:27.000,NG1lLmNvbS9UZWFtLzMwMzg3,NULL,45,2024-10-10 14:18:27.000,2024-10-10 14:18:27.000
infolumos,NG1lLmNvbS9UaW1lRW50cnkvMzc0MDMxMTI,MOB4,P00412|1229,NULL,NG1lLmNvbS9UYXNrLzQ1Nzg5Nzkx,NULL,NULL,NULL,NULL,0,NULL,NULL,NG1lLmNvbS9Pcmdhbml6YXRpb24vMjYzNjk1,10/10/2024,0,NG1lLmNvbS9FZmZvcnRDbGFzcy8xMDc3,NG1lLmNvbS9Pcmdhbml6YXRpb24vMjMwMjk3,NG1lLmNvbS9QZXJzb24vNTUwMTM3Nw,NULL,NG1lLmNvbS9TZXJ2aWNlLzYxMzU4,NULL,NG1lLmNvbS9TbGEvNzc3MTY0,NULL,NULL,2024-10-10 13:58:40.000,NG1lLmNvbS9UZWFtLzMwMzg2,NULL,20,2024-10-10 14:18:40.000,2024-10-10 14:18:40.000
infolumos,NG1lLmNvbS9UaW1lRW50cnkvMzc0MDMxMTk,BSA2,P00270|118,NG1lLmNvbS9SZXEvNTI1MTM3NjU,NULL,NULL,NULL,NULL,NULL,0,NULL,NULL,NG1lLmNvbS9Pcmdhbml6YXRpb24vMjYzNjY4,10/10/2024,0,NG1lLmNvbS9FZmZvcnRDbGFzcy8xMDc3,NG1lLmNvbS9Pcmdhbml6YXRpb24vMjMwMjk3,NG1lLmNvbS9QZXJzb24vNTQ5MzgxOA,NULL,NG1lLmNvbS9TZXJ2aWNlLzYxMzUw,NG1lLmNvbS9TZXJ2aWNlSW5zdGFuY2UvMzgwNjcx,NG1lLmNvbS9TbGEvNzc0MzA3,NULL,NULL,2024-10-10 14:08:46.000,NG1lLmNvbS9UZWFtLzMwMzg1,NULL,10,2024-10-10 14:18:46.000,2024-10-10 14:18:46.000
infolumos,NG1lLmNvbS9UaW1lRW50cnkvMzc0MDMxODI,VOIP1,P00341|1084,NG1lLmNvbS9SZXEvNTI1MTM4NTE,NULL,NULL,NULL,NULL,NULL,0,NULL,NULL,NG1lLmNvbS9Pcmdhbml6YXRpb24vMjY0MjQz,10/10/2024,0,NG1lLmNvbS9FZmZvcnRDbGFzcy8xMDc3,NG1lLmNvbS9Pcmdhbml6YXRpb24vMjMwMjk3,NG1lLmNvbS9QZXJzb24vNTUwMTM1NQ,NULL,NG1lLmNvbS9TZXJ2aWNlLzYxMzU4,NG1lLmNvbS9TZXJ2aWNlSW5zdGFuY2UvMzgyMTQ1,NG1lLmNvbS9TbGEvNzc2NTE3,NULL,NULL,2024-10-10 14:15:25.000,NG1lLmNvbS9UZWFtLzMwMzg1,NULL,5,2024-10-10 14:20:25.000,2024-10-10 14:20:25.000
infolumos,NG1lLmNvbS9UaW1lRW50cnkvMzc0MDMzMDQ,BSA3,P00768|155,NG1lLmNvbS9SZXEvNTEyNzEwOTM,NULL,NULL,NULL,NULL,NULL,0,NULL,NULL,NG1lLmNvbS9Pcmdhbml6YXRpb24vMjcxODA4,10/10/2024,0,NG1lLmNvbS9FZmZvcnRDbGFzcy8xMDc3,NG1lLmNvbS9Pcmdhbml6YXRpb24vMjMwMjk3,NG1lLmNvbS9QZXJzb24vNTUwMTM0Mg,NULL,NG1lLmNvbS9TZXJ2aWNlLzYxMzUw,NG1lLmNvbS9TZXJ2aWNlSW5zdGFuY2UvMzkwMzk3,NG1lLmNvbS9TbGEvNzg5ODY1,NULL,NULL,2024-10-10 14:08:19.000,NG1lLmNvbS9UZWFtLzMwMzg1,NULL,15,2024-10-10 14:23:19.000,2024-10-10 14:23:19.000
infolumos,NG1lLmNvbS9UaW1lRW50cnkvMzc0MDMzMDU,VOIP8,P00412|1229,NG1lLmNvbS9SZXEvNTI1MTQwNDg,NULL,NULL,NULL,NULL,NULL,0,NULL,NULL,NG1lLmNvbS9Pcmdhbml6YXRpb24vMjYzNjk1,10/10/2024,0,NG1lLmNvbS9FZmZvcnRDbGFzcy8xMDc3,NG1lLmNvbS9Pcmdhbml6YXRpb24vMjMwMjk3,NG1lLmNvbS9QZXJzb24vNTUwMTM3Nw,NULL,NG1lLmNvbS9TZXJ2aWNlLzYxMzU4,NG1lLmNvbS9TZXJ2aWNlSW5zdGFuY2UvMzgyMDAw,NG1lLmNvbS9TbGEvNzc3MTYz,NULL,NULL,2024-10-10 13:53:20.000,NG1lLmNvbS9UZWFtLzMwMzg2,NULL,30,2024-10-10 14:23:20.000,2024-10-10 14:23:20.000
infolumos,NG1lLmNvbS9UaW1lRW50cnkvMzc0MDMzMTg,BSA2,P00007|76,NG1lLmNvbS9SZXEvNTEyMzY0Njg,NULL,NULL,NULL,NULL,NULL,0,NULL,NULL,NG1lLmNvbS9Pcmdhbml6YXRpb24vMjYzNjk2,10/10/2024,0,NG1lLmNvbS9FZmZvcnRDbGFzcy8xMDc3,NG1lLmNvbS9Pcmdhbml6YXRpb24vMjMwMjk3,NG1lLmNvbS9QZXJzb24vNTUwMTM1Ng,NULL,NG1lLmNvbS9TZXJ2aWNlLzYxMzUw,NG1lLmNvbS9TZXJ2aWNlSW5zdGFuY2UvMzgwODc5,NG1lLmNvbS9TbGEvNzc0NTQy,NULL,NULL,2024-10-10 14:13:49.000,NG1lLmNvbS9UZWFtLzMwMzg3,NULL,10,2024-10-10 14:23:49.000,2024-10-10 14:23:49.000
infolumos,NG1lLmNvbS9UaW1lRW50cnkvMzc0MDMzMTQ,VOIP8,P00412|1229,NULL,NG1lLmNvbS9UYXNrLzQ1ODg4ODI4,NULL,NULL,NULL,NULL,0,NULL,NULL,NG1lLmNvbS9Pcmdhbml6YXRpb24vMjYzNjk1,10/10/2024,0,NG1lLmNvbS9FZmZvcnRDbGFzcy8xMDc3,NG1lLmNvbS9Pcmdhbml6YXRpb24vMjMwMjk3,NG1lLmNvbS9QZXJzb24vNTUwMTM3Nw,NULL,NG1lLmNvbS9TZXJ2aWNlLzYxMzU4,NULL,NG1lLmNvbS9TbGEvNzc3MTYz,NULL,NULL,2024-10-10 14:18:43.000,NG1lLmNvbS9UZWFtLzMwMzkx,NULL,5,2024-10-10 14:23:43.000,2024-10-10 14:23:43.000
infolumos,NG1lLmNvbS9UaW1lRW50cnkvMzc0MDMzMzM,VOIP7,Geen Contract,NG1lLmNvbS9SZXEvNTI1MTQwOTA,NULL,NULL,NULL,NULL,NULL,0,NULL,NULL,NG1lLmNvbS9Pcmdhbml6YXRpb24vMjMwMjk3,10/10/2024,0,NG1lLmNvbS9FZmZvcnRDbGFzcy8xMDc3,NG1lLmNvbS9Pcmdhbml6YXRpb24vMjMwMjk3,NG1lLmNvbS9QZXJzb24vNTUwMTM1NQ,NULL,NG1lLmNvbS9TZXJ2aWNlLzYxMzU4,NG1lLmNvbS9TZXJ2aWNlSW5zdGFuY2UvMzgzOTk1,NG1lLmNvbS9TbGEvNzc3MzYx,NULL,NULL,2024-10-10 14:19:12.000,NG1lLmNvbS9UZWFtLzMwMzg1,NULL,5,2024-10-10 14:24:12.000,2024-10-10 14:24:12.000
infolumos,NG1lLmNvbS9UaW1lRW50cnkvMzc0MDMzNDE,IV Low1,P00586|784,NG1lLmNvbS9SZXEvNTIwMDIxMTA,NULL,NULL,NULL,NULL,NULL,0,NULL,NULL,NG1lLmNvbS9Pcmdhbml6YXRpb24vMjYzODcz,10/10/2024,0,NG1lLmNvbS9FZmZvcnRDbGFzcy8xMDc3,NG1lLmNvbS9Pcmdhbml6YXRpb24vMjMwMjk3,NG1lLmNvbS9QZXJzb24vNTQ5MzgxNw,NULL,NG1lLmNvbS9TZXJ2aWNlLzYxMzU1,NG1lLmNvbS9TZXJ2aWNlSW5zdGFuY2UvMzgzNjMx,NG1lLmNvbS9TbGEvNzc1MTA0,NULL,NULL,2024-10-10 14:09:24.000,NG1lLmNvbS9UZWFtLzMwMzg2,NULL,15,2024-10-10 14:24:24.000,2024-10-10 14:24:24.000
infolumos,NG1lLmNvbS9UaW1lRW50cnkvMzc0MDMzNTg,WIN3,P00291|77,NULL,NG1lLmNvbS9UYXNrLzQ1ODYxODMz,NULL,NULL,NULL,time_material,0,NULL,NULL,NG1lLmNvbS9Pcmdhbml6YXRpb24vMjYzNjUz,10/10/2024,0,NG1lLmNvbS9FZmZvcnRDbGFzcy8xMDc3,NG1lLmNvbS9Pcmdhbml6YXRpb24vMjMwMjk3,NG1lLmNvbS9QZXJzb24vNTUwMTM2Mw,NULL,NG1lLmNvbS9TZXJ2aWNlLzYxMzUy,NULL,NG1lLmNvbS9TbGEvNzc0MTc0,NULL,NULL,2024-10-10 14:04:49.000,NG1lLmNvbS9UZWFtLzMwMzg3,NULL,20,2024-10-10 14:24:49.000,2024-10-10 14:24:49.000
infolumos,NG1lLmNvbS9UaW1lRW50cnkvMzc0MDMzNTI,BSA2,P00390|100,NG1lLmNvbS9SZXEvNTI0MDMyMTU,NULL,NULL,NULL,NULL,NULL,0,NULL,NULL,NG1lLmNvbS9Pcmdhbml6YXRpb24vMjYzNjQz,10/10/2024,0,NG1lLmNvbS9FZmZvcnRDbGFzcy8xMDc3,NG1lLmNvbS9Pcmdhbml6YXRpb24vMjMwMjk3,NG1lLmNvbS9QZXJzb24vNTUwODM1NQ,NULL,NG1lLmNvbS9TZXJ2aWNlLzYxMzUw,NG1lLmNvbS9TZXJ2aWNlSW5zdGFuY2UvMzgwNDYz,NG1lLmNvbS9TbGEvNzc0MDc0,NULL,NULL,2024-10-10 13:59:42.000,NG1lLmNvbS9UZWFtLzMwMzg3,NULL,25,2024-10-10 14:24:42.000,2024-10-10 14:24:42.000
infolumos,NG1lLmNvbS9UaW1lRW50cnkvMzc0MDMzNTQ,VOIP8,P00412|1229,NULL,NG1lLmNvbS9UYXNrLzQ1ODg4ODI5,NULL,NULL,NULL,NULL,0,NULL,NULL,NG1lLmNvbS9Pcmdhbml6YXRpb24vMjYzNjk1,10/10/2024,0,NG1lLmNvbS9FZmZvcnRDbGFzcy8xMDc3,NG1lLmNvbS9Pcmdhbml6YXRpb24vMjMwMjk3,NG1lLmNvbS9QZXJzb24vNTUwMTM3Nw,NULL,NG1lLmNvbS9TZXJ2aWNlLzYxMzU4,NULL,NG1lLmNvbS9TbGEvNzc3MTYz,NULL,NULL,2024-10-10 14:19:44.000,NG1lLmNvbS9UZWFtLzMwMzg2,NULL,5,2024-10-10 14:24:44.000,2024-10-10 14:24:44.000
infolumos,NG1lLmNvbS9UaW1lRW50cnkvMzc0MDMzODM,MAC3,P00271|102,NULL,NG1lLmNvbS9UYXNrLzQ1ODI3OTE3,NULL,NULL,NULL,time_material,0,NULL,NULL,NG1lLmNvbS9Pcmdhbml6YXRpb24vMjYzNjU5,10/10/2024,0,NG1lLmNvbS9FZmZvcnRDbGFzcy8xMDc3,NG1lLmNvbS9Pcmdhbml6YXRpb24vMjMwMjk3,NG1lLmNvbS9QZXJzb24vNTUwMTM2Mw,NULL,NG1lLmNvbS9TZXJ2aWNlLzYxMzUy,NULL,NG1lLmNvbS9TbGEvNzc0MjI5,NULL,NULL,2024-10-10 13:55:22.000,NG1lLmNvbS9UZWFtLzMwMzg3,NULL,30,2024-10-10 14:25:22.000,2024-10-10 14:25:22.000
infolumos,NG1lLmNvbS9UaW1lRW50cnkvMzc0MDQ2NjI,BSA2,P00270|118,NG1lLmNvbS9SZXEvNTI1MTM3NjU,NULL,NULL,NULL,NULL,NULL,0,NULL,NULL,NG1lLmNvbS9Pcmdhbml6YXRpb24vMjYzNjY4,10/10/2024,0,NG1lLmNvbS9FZmZvcnRDbGFzcy8xMDc3,NG1lLmNvbS9Pcmdhbml6YXRpb24vMjMwMjk3,NG1lLmNvbS9QZXJzb24vNTQ5MzgxOA,NULL,NG1lLmNvbS9TZXJ2aWNlLzYxMzUw,NG1lLmNvbS9TZXJ2aWNlSW5zdGFuY2UvMzgwNjcx,NG1lLmNvbS9TbGEvNzc0MzA3,NULL,NULL,2024-10-10 14:42:46.000,NG1lLmNvbS9UZWFtLzMwMzg1,NULL,15,2024-10-10 14:57:46.000,2024-10-10 14:57:46.000
infolumos,NG1lLmNvbS9UaW1lRW50cnkvMzc0MDQ5Njc,VOIP16,P00416|1000,NG1lLmNvbS9SZXEvNTExNzQ5OTI,NULL,NULL,NULL,NULL,NULL,0,NULL,NULL,NG1lLmNvbS9Pcmdhbml6YXRpb24vMjY0MDI3,10/10/2024,0,NG1lLmNvbS9FZmZvcnRDbGFzcy8xMDc3,NG1lLmNvbS9Pcmdhbml6YXRpb24vMjMwMjk3,NG1lLmNvbS9QZXJzb24vNTUwMTM0Mg,NULL,NG1lLmNvbS9TZXJ2aWNlLzYxMzU4,NG1lLmNvbS9TZXJ2aWNlSW5zdGFuY2UvMzgyMDU2,NG1lLmNvbS9TbGEvNzc1NzAx,NULL,NULL,2024-10-10 15:00:24.000,NG1lLmNvbS9UZWFtLzMwMzkx,NULL,5,2024-10-10 15:05:24.000,2024-10-10 15:05:24.000
